t,Y,raw_var_cusum_score
0.000000000000000000e+00,-1.096621910184257365e+00,nan
1.000000000000000000e+00,1.570312618760050238e-01,nan
2.000000000000000000e+00,-1.536057870689488736e+00,nan
3.000000000000000000e+00,5.025964396513832311e-01,nan
4.000000000000000000e+00,-2.486020270426487766e-01,nan
5.000000000000000000e+00,5.448864716694324928e-01,nan
6.000000000000000000e+00,-1.273532616592078170e+00,nan
7.000000000000000000e+00,-3.005424884160127763e-01,nan
8.000000000000000000e+00,7.927840829406731515e-01,nan
9.000000000000000000e+00,-9.185146726095072545e-01,nan
1.000000000000000000e+01,4.382945948532601110e-01,nan
1.100000000000000000e+01,-1.645531873794323419e+00,nan
1.200000000000000000e+01,-1.416767542984510353e+00,nan
1.300000000000000000e+01,1.169726555060864648e+00,nan
1.400000000000000000e+01,1.632870569007861539e-01,nan
1.500000000000000000e+01,-1.984751065969731498e-01,nan
1.600000000000000000e+01,3.066552850499563165e-01,nan
1.700000000000000000e+01,-6.007018128193708506e-01,nan
1.800000000000000000e+01,1.850007687243031551e+00,nan
1.900000000000000000e+01,9.605134844919180903e-01,nan
2.000000000000000000e+01,8.508634238550081275e-01,nan
2.100000000000000000e+01,1.001118828904923541e+00,nan
2.200000000000000000e+01,1.627373330922647465e+00,nan
2.300000000000000000e+01,1.283234387515283181e+00,nan
2.400000000000000000e+01,1.287991139139366581e+00,nan
2.500000000000000000e+01,1.126295593434441411e+00,nan
2.600000000000000000e+01,1.054326350294269465e+00,nan
2.700000000000000000e+01,1.927005091680798810e+00,nan
2.800000000000000000e+01,-1.980397631888840770e+00,nan
2.900000000000000000e+01,1.681359707215567267e-01,nan
3.000000000000000000e+01,-1.013605161707969105e+00,nan
3.100000000000000000e+01,-6.355559175634521996e-01,nan
3.200000000000000000e+01,-1.089481966284395753e+00,nan
3.300000000000000000e+01,-1.034912443345660460e+00,nan
3.400000000000000000e+01,-9.812635075386733075e-02,nan
3.500000000000000000e+01,8.104411489077902875e-01,nan
3.600000000000000000e+01,-1.625987740007679871e+00,nan
3.700000000000000000e+01,-1.161994526101561176e+00,nan
3.800000000000000000e+01,1.274462565306619721e+00,nan
3.900000000000000000e+01,5.211784909788839126e-01,nan
4.000000000000000000e+01,-4.188828617791989228e-01,nan
4.100000000000000000e+01,-1.721891378295809405e+00,nan
4.200000000000000000e+01,-1.239461234498289599e+00,nan
4.300000000000000000e+01,4.090508513718050243e-01,nan
4.400000000000000000e+01,3.652304478834819124e-01,nan
4.500000000000000000e+01,-7.227349217625005373e-01,nan
4.600000000000000000e+01,5.020497682793805261e-01,nan
4.700000000000000000e+01,-3.957177610772188436e-01,nan
4.800000000000000000e+01,-5.452252147465859178e-01,nan
4.900000000000000000e+01,-4.836474301656507602e-01,nan
5.000000000000000000e+01,6.268304707260086150e-02,nan
5.100000000000000000e+01,2.008628860499012403e-01,nan
5.200000000000000000e+01,-2.264912382258187917e-01,nan
5.300000000000000000e+01,-1.319862489414375784e+00,nan
5.400000000000000000e+01,-5.197820321036938918e-01,nan
5.500000000000000000e+01,8.010019713814932052e-01,nan
5.600000000000000000e+01,-6.757550990826242110e-01,nan
5.700000000000000000e+01,-2.651360125829373970e-01,nan
5.800000000000000000e+01,-6.220912684615708121e-01,nan
5.900000000000000000e+01,1.921271558220745135e+00,nan
6.000000000000000000e+01,6.497198100605761084e-01,nan
6.100000000000000000e+01,-2.108582993508259840e+00,nan
6.200000000000000000e+01,1.588155199573532572e+00,nan
6.300000000000000000e+01,1.303163074231954877e+00,nan
6.400000000000000000e+01,4.614190439001470412e-01,nan
6.500000000000000000e+01,-2.116029998633546683e+00,nan
6.600000000000000000e+01,6.489213034198207941e-01,nan
6.700000000000000000e+01,-3.592284518788672054e-01,nan
6.800000000000000000e+01,-8.965159826812724164e-02,nan
6.900000000000000000e+01,6.487583748834400144e-01,nan
7.000000000000000000e+01,6.491921998537315552e-01,nan
7.100000000000000000e+01,-1.259779276327853914e+00,nan
7.200000000000000000e+01,3.277736189068546135e+00,nan
7.300000000000000000e+01,-1.772822185258727257e-01,nan
7.400000000000000000e+01,-6.205899552134148678e-01,nan
7.500000000000000000e+01,7.405870038940638445e-01,nan
7.600000000000000000e+01,-1.499665256786925083e-01,nan
7.700000000000000000e+01,4.049507332995203601e-01,nan
7.800000000000000000e+01,-2.124606268352716154e-01,nan
7.900000000000000000e+01,-1.069652054846360612e+00,nan
8.000000000000000000e+01,-5.553379610733828464e-01,nan
8.100000000000000000e+01,9.860384131596213741e-01,nan
8.200000000000000000e+01,-5.703076682296931432e-02,nan
8.300000000000000000e+01,4.167455717579623409e-01,nan
8.400000000000000000e+01,9.814534728224101334e-01,nan
8.500000000000000000e+01,1.175092301602985501e+00,nan
8.600000000000000000e+01,9.602040200377826018e-01,nan
8.700000000000000000e+01,2.079162592278013255e-01,nan
8.800000000000000000e+01,1.473702756589401641e+00,nan
8.900000000000000000e+01,-8.627339901531423660e-03,nan
9.000000000000000000e+01,1.661251861089882098e+00,nan
9.100000000000000000e+01,-6.415868568520113335e-01,nan
9.200000000000000000e+01,-7.523346209643847482e-01,nan
9.300000000000000000e+01,-6.694428608430587069e-01,nan
9.400000000000000000e+01,-5.508710753086620837e-02,nan
9.500000000000000000e+01,-5.203019413911231794e-01,nan
9.600000000000000000e+01,-4.293476692173560316e+00,nan
9.700000000000000000e+01,-3.448490071888226094e-01,nan
9.800000000000000000e+01,-6.234275959316423199e-01,nan
9.900000000000000000e+01,-8.640532325801486557e-01,nan
1.000000000000000000e+02,-1.674987311496158426e+00,nan
1.010000000000000000e+02,-1.923874919174348719e+00,nan
1.020000000000000000e+02,-7.529343111799492450e-01,nan
1.030000000000000000e+02,-2.074557464614413149e+00,nan
1.040000000000000000e+02,-8.265329072395817267e-01,nan
1.050000000000000000e+02,-2.058593775739312015e+00,nan
1.060000000000000000e+02,7.355449678566287064e-01,nan
1.070000000000000000e+02,2.122807940500839041e-01,nan
1.080000000000000000e+02,-1.379048851294019384e-01,nan
1.090000000000000000e+02,-3.846986319641170216e-01,nan
1.100000000000000000e+02,-1.946785874127801907e+00,nan
1.110000000000000000e+02,-3.572288112198160892e-01,nan
1.120000000000000000e+02,2.112948074255752040e+00,nan
1.130000000000000000e+02,-2.929430580552086383e+00,nan
1.140000000000000000e+02,4.667067685755722506e-01,nan
1.150000000000000000e+02,1.153827626193023370e+00,nan
1.160000000000000000e+02,2.583065334067126129e-01,nan
1.170000000000000000e+02,-1.608150871021196471e+00,nan
1.180000000000000000e+02,-8.822079386764798414e-01,nan
1.190000000000000000e+02,-2.455587508569351263e-01,nan
1.200000000000000000e+02,-7.801996760691720656e-01,nan
1.210000000000000000e+02,-1.628991790204509460e+00,nan
1.220000000000000000e+02,-1.579989073655198695e+00,nan
1.230000000000000000e+02,1.156088867559196487e+00,nan
1.240000000000000000e+02,-1.115486469769485067e+00,nan
1.250000000000000000e+02,-1.447132953459130622e+00,1.521872774632774217e+01
1.260000000000000000e+02,-1.150254172072046055e+00,1.491348744994086317e+01
1.270000000000000000e+02,-1.675543394389113594e+00,1.559901152121027934e+01
1.280000000000000000e+02,-5.888813130617849279e-01,1.469142898739366387e+01
1.290000000000000000e+02,-1.015581543807690501e+00,1.419868655547101888e+01
1.300000000000000000e+02,-2.187319489942167294e+00,1.624664472824744976e+01
1.310000000000000000e+02,-1.718780798283035427e+00,1.703211466466609636e+01
1.320000000000000000e+02,-2.838796667000351270e+00,2.138150199091999681e+01
1.330000000000000000e+02,-1.604077738405815357e+00,2.190796296181534686e+01
1.340000000000000000e+02,-1.373365961973790350e+00,2.197309078915481706e+01
1.350000000000000000e+02,-2.087340607062007525e+00,2.372408002379785685e+01
1.360000000000000000e+02,-1.370290735832573104e+00,2.378359659347622213e+01
1.370000000000000000e+02,-1.736246443079267010e+00,2.461023278279281001e+01
1.380000000000000000e+02,-2.506236864028542399e+00,2.770544454767348341e+01
1.390000000000000000e+02,-7.417072228491069508e-01,2.691511991601734621e+01
1.400000000000000000e+02,-1.161124779540074536e+00,2.662619847906699277e+01
1.410000000000000000e+02,-2.069192180880740750e+00,2.832488536816203251e+01
1.420000000000000000e+02,8.428855614465979862e-02,2.731688543278695747e+01
1.430000000000000000e+02,-2.102071614841744207e+00,2.911069071784874751e+01
1.440000000000000000e+02,-1.743847087332410117e+00,2.995538407364225719e+01
1.450000000000000000e+02,1.153527341292055475e-01,2.895912043837419247e+01
1.460000000000000000e+02,-1.036718149900825559e+00,2.849401035282792805e+01
1.470000000000000000e+02,-1.416499889222654351e-01,2.744410045827515177e+01
1.480000000000000000e+02,-2.230291781622895542e+00,2.962429671214914961e+01
1.490000000000000000e+02,-1.223953806028060143e+00,2.943315864267385606e+01
1.500000000000000000e+02,-1.745265688677185345e+00,3.028123180294597105e+01
1.510000000000000000e+02,-1.869188937072735257e+00,3.143617413596845367e+01
1.520000000000000000e+02,-3.131149758526445281e-01,3.040544856299200305e+01
1.530000000000000000e+02,-1.493172029315048999e+00,3.070019876698498607e+01
1.540000000000000000e+02,-1.070268281054119308e+00,3.028032244341871504e+01
1.550000000000000000e+02,3.281495451935229068e-01,2.940328665254751428e+01
1.560000000000000000e+02,2.889031475279966177e-01,2.849916466241863233e+01
1.570000000000000000e+02,-4.768058015697047569e-01,2.752780684633644270e+01
1.580000000000000000e+02,3.500282822862070264e-01,2.666687156554462490e+01
1.590000000000000000e+02,1.370983660908774215e+00,2.735396145742525675e+01
1.600000000000000000e+02,-1.467463908707150155e+00,2.759762883238763465e+01
1.610000000000000000e+02,-4.436368604431682461e-01,2.661100163045810163e+01
1.620000000000000000e+02,-1.237371655321090946e+00,2.644151186893418881e+01
1.630000000000000000e+02,-1.681013670850364683e+00,2.713952621746307869e+01
1.640000000000000000e+02,-1.579504888387318839e+00,2.761306065750527239e+01
1.650000000000000000e+02,3.475291327040395117e-01,2.675025001645264311e+01
1.660000000000000000e+02,2.049921471498603154e+00,2.933041103366085878e+01
1.670000000000000000e+02,1.133371684376939914e+00,2.951793878122363068e+01
1.680000000000000000e+02,-1.225925941902009209e+00,2.932996565737521166e+01
1.690000000000000000e+02,2.020129612855590118e+00,3.181258693188545195e+01
1.700000000000000000e+02,1.586104346845199076e-02,3.078382893430616818e+01
1.710000000000000000e+02,-3.315661791377150780e-01,2.975778995359889123e+01
1.720000000000000000e+02,-8.241968601438161013e-01,2.904528203968893862e+01
1.730000000000000000e+02,-1.499369903832215023e+00,2.935249558768672173e+01
1.740000000000000000e+02,-8.903135251360134728e-01,2.870971124744876946e+01
1.750000000000000000e+02,-1.882162521370412955e-01,2.766065923940143634e+01
1.760000000000000000e+02,-1.752756336474481591e+00,2.852662873687672374e+01
1.770000000000000000e+02,-6.035840454656639098e-01,2.762880744730477289e+01
1.780000000000000000e+02,-5.315703181079446393e-01,2.668626412559585503e+01
1.790000000000000000e+02,8.832271993379680053e-01,2.643918094173942279e+01
1.800000000000000000e+02,4.872015856230080821e-01,2.569551737037473060e+01
1.810000000000000000e+02,-7.792097380635798487e-02,2.464969321705957483e+01
1.820000000000000000e+02,-1.759883674939592968e+00,2.553276901203134841e+01
1.830000000000000000e+02,-5.379921089612846874e-01,2.459389855918821510e+01
1.840000000000000000e+02,-5.432544018686296106e-01,2.365808382314468616e+01
1.850000000000000000e+02,5.182865332704403305e-02,2.263936325749908107e+01
1.860000000000000000e+02,-7.841853758432429933e-01,2.188783862939860470e+01
1.870000000000000000e+02,3.322285404273470633e-01,2.101375023087304328e+01
1.880000000000000000e+02,-2.668027714941831885e-01,1.997350579818674987e+01
1.890000000000000000e+02,-1.263623603626621961e+00,1.984715011993205280e+01
1.900000000000000000e+02,1.333082431062091899e+00,2.044889129053699151e+01
1.910000000000000000e+02,4.840396232433225032e-02,1.942913160329088385e+01
1.920000000000000000e+02,4.221994467780010307e-02,1.840754002242865539e+01
1.930000000000000000e+02,4.223730907032437476e-01,1.760494397018061008e+01
1.940000000000000000e+02,4.263310123916764227e-01,1.680576559361423961e+01
1.950000000000000000e+02,7.855294716281640000e-01,1.641436832185983619e+01
1.960000000000000000e+02,1.340838684832277972e+00,1.703340062192508242e+01
1.970000000000000000e+02,-5.947855333535415068e-02,1.598989283921513760e+01
1.980000000000000000e+02,-6.954897477275754358e-01,1.516042016864068032e+01
1.990000000000000000e+02,-4.467721599359492091e-01,1.463742108739513270e+01
2.000000000000000000e+02,4.898027386727329402e-01,1.527858882690675379e+01
2.010000000000000000e+02,-1.412829209939986175e+00,1.504019761237587538e+01
2.020000000000000000e+02,8.938686527751391608e-01,1.517069907917131211e+01
2.030000000000000000e+02,2.127969287314920965e+00,1.618387874558870010e+01
2.040000000000000000e+02,-1.073426495366238909e+00,1.576834721808287654e+01
2.050000000000000000e+02,-4.283562923942262346e-01,1.477523957154332379e+01
2.060000000000000000e+02,1.240710848772006436e+00,1.517797644103770871e+01
2.070000000000000000e+02,1.682520973127271890e+00,1.664807092207906791e+01
2.080000000000000000e+02,2.507384920909992987e-01,1.571982006085074524e+01
2.090000000000000000e+02,1.252805775679822098e+00,1.614788754954330230e+01
2.100000000000000000e+02,-1.268239759411199929e-01,1.509838562224960867e+01
2.110000000000000000e+02,-7.793488310329113045e-01,1.434230700969659011e+01
2.120000000000000000e+02,4.732783692762742578e-01,1.392713079272727938e+01
2.130000000000000000e+02,-5.066330705224391107e-01,1.478335150668071307e+01
2.140000000000000000e+02,-6.915769190225765639e-01,1.551599171849884051e+01
2.150000000000000000e+02,-2.486540939025015717e+00,1.482271987916826639e+01
2.160000000000000000e+02,-1.511692861075593752e+00,1.515488452354364135e+01
2.170000000000000000e+02,-4.049473149127804095e-01,1.415252692090822606e+01
2.180000000000000000e+02,-2.624225820331603787e-01,1.380103857904883391e+01
2.190000000000000000e+02,-8.420957925013485834e-01,1.439531692587238076e+01
2.200000000000000000e+02,1.396453577374791699e+00,1.354966423895034211e+01
2.210000000000000000e+02,1.407539271491594635e-01,1.443525781689885079e+01
2.220000000000000000e+02,-2.361689287882670074e-01,1.538003476954868987e+01
2.230000000000000000e+02,-3.783415783155890111e-01,1.629190976571864624e+01
2.240000000000000000e+02,9.318718726089625370e-01,1.636181053567039712e+01
2.250000000000000000e+02,-1.327365552910418911e+00,1.627914046960423988e+01
2.260000000000000000e+02,2.417970467500462739e+00,1.382818462503860069e+01
2.270000000000000000e+02,2.749328467961421385e+00,1.907987091327337836e+01
2.280000000000000000e+02,-7.960940213281808564e-01,1.833970842504468379e+01
2.290000000000000000e+02,2.530881706361285843e+00,2.267837383938954687e+01
2.300000000000000000e+02,3.271655147494903493e-01,2.180063073790188355e+01
2.310000000000000000e+02,1.683301351485883002e-01,2.082771406178963502e+01
2.320000000000000000e+02,1.885925301380823704e+00,2.288741438055729915e+01
2.330000000000000000e+02,4.295339073100876703e-01,2.209101887463433656e+01
2.340000000000000000e+02,3.582472095416946001e+00,3.148052122904580230e+01
2.350000000000000000e+02,-3.153637546508220035e-01,3.045033957940307090e+01
2.360000000000000000e+02,1.561032717032592831e+00,3.159781333913206325e+01
2.370000000000000000e+02,-2.899392998341518424e-01,3.056192307058478974e+01
2.380000000000000000e+02,-2.856850185050108237e-01,2.952517205896391062e+01
2.390000000000000000e+02,1.089837218319541279e+00,2.963033058977971379e+01
2.400000000000000000e+02,2.576697334719733057e+00,3.415456870372508291e+01
2.410000000000000000e+02,2.176916432519175881e+00,3.716541585359407662e+01
2.420000000000000000e+02,1.399756147315690313e+00,3.791873322166692617e+01
2.430000000000000000e+02,-2.950188437743514469e-01,3.688390614473389917e+01
2.440000000000000000e+02,2.263041718132434155e-01,3.594135172739363071e+01
2.450000000000000000e+02,2.451372192083929757e+00,3.996542641093164860e+01
2.460000000000000000e+02,1.998198442015974297e-01,3.900837750654660852e+01
2.470000000000000000e+02,1.486555250118980931e+00,3.996899252357871291e+01
2.480000000000000000e+02,5.157444231176017135e-02,3.895019422198008385e+01
2.490000000000000000e+02,-1.509711228637995228e+00,3.927833119101897097e+01
2.500000000000000000e+02,-1.713924395169403203e+00,4.005243578037982388e+01
2.510000000000000000e+02,2.821891982335888116e+00,4.562321046714016148e+01
2.520000000000000000e+02,2.178676226570025243e+00,4.864019527056927217e+01
2.530000000000000000e+02,7.928530711066044123e-01,4.825912077197525463e+01
2.540000000000000000e+02,-2.737568666613235280e+00,5.220922598013380878e+01
2.550000000000000000e+02,1.229871924497386804e+00,5.258944871034980650e+01
2.560000000000000000e+02,2.578628728362444722e+00,5.712157879362486312e+01
2.570000000000000000e+02,6.198302463039190302e-01,5.651807845550796117e+01
2.580000000000000000e+02,1.811891259839202961e+00,5.835601004858747842e+01
2.590000000000000000e+02,-1.298568348752005885e+00,5.828867166891911467e+01
2.600000000000000000e+02,-1.783264837473008235e+00,5.922839828301953702e+01
2.610000000000000000e+02,1.184536149601170152e+00,5.951635724124286497e+01
2.620000000000000000e+02,-1.240434582476531711e+00,5.935184696876096666e+01
2.630000000000000000e+02,-4.756109597150786072e-01,5.837991051684223720e+01
2.640000000000000000e+02,3.018387079723455546e+00,6.485430795365248002e+01
2.650000000000000000e+02,2.543780440591794090e+00,6.924490098637440383e+01
2.660000000000000000e+02,1.670856958081719190e+00,7.068306227682042220e+01
2.670000000000000000e+02,6.858817543637498737e-01,7.015918585135207763e+01
2.680000000000000000e+02,-5.870592139484980265e-01,6.925041614477414953e+01
2.690000000000000000e+02,4.464414740801412762e+00,8.415198144292322979e+01
2.700000000000000000e+02,8.647449884834382816e-01,8.387650171108504082e+01
2.710000000000000000e+02,2.151350499833508678e-01,8.292770659347897322e+01
2.720000000000000000e+02,2.745308034725209900e+00,8.816194396395519561e+01
2.730000000000000000e+02,3.877708328367563961e-01,8.733046720716860989e+01
2.740000000000000000e+02,2.659724733945794117e-01,8.641158633767308572e+01
2.750000000000000000e+02,1.654036278560417683e+00,8.780405529954418853e+01
2.760000000000000000e+02,1.770039686307013360e+00,8.952024990003378946e+01
2.770000000000000000e+02,1.359713290554160237e+00,9.018173576474636377e+01
2.780000000000000000e+02,2.740105393555214874e+00,9.539342927193150956e+01
2.790000000000000000e+02,2.292575587514278368e+00,9.881751990904840000e+01
2.800000000000000000e+02,6.538962690177840820e-01,9.825427018998004769e+01
2.810000000000000000e+02,1.651013064096211291e+00,9.963857167034190354e+01
2.820000000000000000e+02,1.930686525291666511e+00,1.018363331192629033e+02
2.830000000000000000e+02,3.841776998757757244e+00,1.127256525356426238e+02
2.840000000000000000e+02,4.836590889242690317e+00,1.303025574717455584e+02
2.850000000000000000e+02,5.155975663622319516e+00,1.503405984338911310e+02
2.860000000000000000e+02,-1.307627701492414030e+00,1.502888584757823764e+02
2.870000000000000000e+02,2.228697045722664249e+00,1.534822396356255467e+02
2.880000000000000000e+02,5.393476766501058783e+00,1.754494031506686724e+02
2.890000000000000000e+02,-2.161142620549434401e+00,1.774181620858560393e+02
2.900000000000000000e+02,2.694644986912632767e+00,1.824345919530895515e+02
2.910000000000000000e+02,2.080532926979073327e+00,1.851163597397427623e+02
2.920000000000000000e+02,6.076067293449066709e-01,1.844988401419632282e+02
2.930000000000000000e+02,2.348136937792784984e+00,1.881285670478343661e+02
2.940000000000000000e+02,1.805751697479289763e+00,1.899484759391397972e+02
2.950000000000000000e+02,7.589374847010736946e-01,1.895202715619000173e+02
2.960000000000000000e+02,3.172604814323666922e+00,1.967443433986854302e+02
2.970000000000000000e+02,-1.588176498731974418e+00,1.972364521090146638e+02
2.980000000000000000e+02,-1.733896594154404891e-02,1.962001474029779615e+02
2.990000000000000000e+02,-1.058353085787038239e+00,1.957640135888333077e+02
3.000000000000000000e+02,2.512502064695645743e+00,2.000291165799937971e+02
3.010000000000000000e+02,1.344404017798533246e+00,2.006561273340962828e+02
3.020000000000000000e+02,3.723378728444627583e+00,2.108481483121742315e+02
3.030000000000000000e+02,2.513823951416838121e+00,2.151185251314271341e+02
3.040000000000000000e+02,-1.034791927012841395e+00,2.146508691629206282e+02
3.050000000000000000e+02,3.587640700719220810e+00,2.240692837644413657e+02
3.060000000000000000e+02,2.266449371391729972e-01,2.231269226832711183e+02
3.070000000000000000e+02,2.009785262019370133e-01,2.221704859502561362e+02
3.080000000000000000e+02,-3.417248926093086059e-02,2.211309850583979824e+02
3.090000000000000000e+02,3.814861548236777367e+00,2.318599452444316285e+02
3.100000000000000000e+02,-9.609100116061891628e-01,2.312988308947178382e+02
3.110000000000000000e+02,3.062163240754051108e-01,2.304063735696232129e+02
3.120000000000000000e+02,3.251055531575014701e+00,2.380254642761081243e+02
3.130000000000000000e+02,3.174183069948939284e-01,2.371407932573685002e+02
3.140000000000000000e+02,1.962790968010025061e+00,2.394394239751891860e+02
3.150000000000000000e+02,2.671548251652691164e+00,2.443578325720729083e+02
3.160000000000000000e+02,2.737822261279464264e+00,2.495596456968747248e+02
3.170000000000000000e+02,3.000099542962999521e+00,2.559475054725696168e+02
3.180000000000000000e+02,-9.275853922488044301e-01,2.553469098838477578e+02
3.190000000000000000e+02,2.389262071799427289e-01,2.544116326856184855e+02
3.200000000000000000e+02,1.040746040460152955e+00,2.544273110463333580e+02
3.210000000000000000e+02,3.609240731936190549e+00,2.639669850022045807e+02
3.220000000000000000e+02,-3.648818641243113392e-01,2.629506987384065155e+02
3.230000000000000000e+02,-2.962300081708665878e-01,2.619161308698183461e+02
3.240000000000000000e+02,-1.837569206892207152e+00,2.629905897660322580e+02
3.250000000000000000e+02,3.309566883693386696e+00,2.709102964429009717e+02
3.260000000000000000e+02,2.565480009592375321e+00,2.753888092231144924e+02
3.270000000000000000e+02,1.511200676534740994e+00,2.764103388745939469e+02
3.280000000000000000e+02,1.799225568974555545e+00,2.782111521511901628e+02
3.290000000000000000e+02,2.023759100121344190e+00,2.807055854572201952e+02
3.300000000000000000e+02,-4.764970872205545049e-01,2.797340779328099529e+02
3.310000000000000000e+02,-1.585218261320985755e+00,2.802198375600312374e+02
3.320000000000000000e+02,1.222552224692309508e+00,2.805849555910154436e+02
3.330000000000000000e+02,9.474242805086932617e-02,2.795807439867200515e+02
3.340000000000000000e+02,2.529810484499372403e-01,2.786538506575771521e+02
3.350000000000000000e+02,2.657272098540934824e-01,2.777348161825092916e+02
3.360000000000000000e+02,-7.086205094812703109e-02,2.766898185009873146e+02
3.370000000000000000e+02,4.466655230260315190e-01,2.759085686691354908e+02
3.380000000000000000e+02,1.580731710039630089e-01,2.749308038919812702e+02
3.390000000000000000e+02,-2.516171474805296016e-01,2.738881370812040927e+02
3.400000000000000000e+02,-3.382038107509182101e-01,2.728639086690380395e+02
3.410000000000000000e+02,-5.285518521488542509e-01,2.719196602936114004e+02
3.420000000000000000e+02,-2.608780682340049673e+00,2.753839433658400822e+02
3.430000000000000000e+02,-7.147405341627224296e-01,2.745703884111987350e+02
3.440000000000000000e+02,1.484501281507798254e+00,2.755259677928182214e+02
3.450000000000000000e+02,1.986673500811305892e+00,2.779006358402454566e+02
3.460000000000000000e+02,1.846536314594292794e+00,2.798413254229720337e+02
3.470000000000000000e+02,2.178494720578586730e+00,2.828576769715426735e+02
3.480000000000000000e+02,-2.189460782116356086e+00,2.849121590904253480e+02
3.490000000000000000e+02,-2.029586717950662145e-01,2.838640550240310176e+02
3.500000000000000000e+02,-1.855046916235933985e+00,2.849828159365917486e+02
3.510000000000000000e+02,-3.266395986962655762e-01,2.839554757486099561e+02
3.520000000000000000e+02,-7.941771961254370238e-01,2.832134700692716933e+02
3.530000000000000000e+02,1.114585784013530922e+00,2.833651061240827858e+02
3.540000000000000000e+02,-5.165198001476878353e-02,2.823227352079563843e+02
3.550000000000000000e+02,1.852150020832420640e+00,2.842802442827827463e+02
3.560000000000000000e+02,-8.670488458204546056e-01,2.836121800792898853e+02
3.570000000000000000e+02,-6.527466352932865812e-01,2.827493476725570645e+02
3.580000000000000000e+02,3.560180256310927049e+00,2.920146115620445926e+02
3.590000000000000000e+02,1.830803036963446040e+00,2.939084132467413042e+02
3.600000000000000000e+02,-6.997916917858370001e-01,2.930824495614532452e+02
3.610000000000000000e+02,-1.860465491267613958e+00,2.942150381669443391e+02
3.620000000000000000e+02,-9.417317457202665221e-01,2.936309994104559564e+02
3.630000000000000000e+02,2.100915816144200754e+00,2.963812006926762592e+02
3.640000000000000000e+02,-1.992972621332669947e+00,2.978656110647265791e+02
3.650000000000000000e+02,3.523872541508454859e-02,2.968420202108589478e+02
3.660000000000000000e+02,1.708571396948528776e+00,2.983841695030607752e+02
3.670000000000000000e+02,1.757938119355199280e+00,3.000656518945106086e+02
3.680000000000000000e+02,7.819692204760074761e-01,2.996692653672252504e+02
3.690000000000000000e+02,6.409210940964723546e-01,2.990904800863704054e+02
3.700000000000000000e+02,1.335226877127216216e+00,2.996969928965916097e+02
3.710000000000000000e+02,2.386004112376264974e+00,3.034695161403532211e+02
3.720000000000000000e+02,-2.927668002142194137e+00,3.081820882354187461e+02
3.730000000000000000e+02,2.854134890539986591e-01,3.072756694283258980e+02
3.740000000000000000e+02,-6.129435417404059949e-01,3.063842304972694706e+02
3.750000000000000000e+02,-1.186186357569284366e+00,3.061336051368867857e+02
3.760000000000000000e+02,-2.614588080889113098e-01,3.050924688908923486e+02
3.770000000000000000e+02,1.262416609419112934e+00,3.055408206219953513e+02
3.780000000000000000e+02,-2.699976059804699013e-01,3.045011297645670538e+02
3.790000000000000000e+02,-2.671290588296496793e+00,3.081981163974904803e+02
3.800000000000000000e+02,-1.897281378172007149e-01,3.071491466358010598e+02
3.810000000000000000e+02,-4.767962048776863138e-01,3.061777841637388065e+02
3.820000000000000000e+02,9.029045481376020144e-01,3.059614956523713545e+02
3.830000000000000000e+02,-1.104139573672315411e+00,3.055889949532516425e+02
3.840000000000000000e+02,3.174225621503097838e-01,3.047043269278798334e+02
3.850000000000000000e+02,-1.120737671604673524e+00,3.043556687623693051e+02
3.860000000000000000e+02,-1.304138958562986339e+00,3.042979073330949404e+02
3.870000000000000000e+02,-1.777209179474829703e+00,3.052228830281658816e+02
3.880000000000000000e+02,1.178411924745643713e+00,3.054986142789319956e+02
3.890000000000000000e+02,5.343213665623560704e-01,3.048017323166099004e+02
3.900000000000000000e+02,3.299158472617544469e+00,3.126675886533395214e+02
3.910000000000000000e+02,4.837149524559133384e-01,3.119205955066158822e+02
3.920000000000000000e+02,-1.596975696634104214e+00,3.124316668107446731e+02
3.930000000000000000e+02,6.230876209322866455e-01,3.118319401190146323e+02
3.940000000000000000e+02,1.965750287163680721e+00,3.141399463985746365e+02
3.950000000000000000e+02,7.836007475505538666e-01,3.137458439017436262e+02
3.960000000000000000e+02,1.605799675094331302e+00,3.150096294092472817e+02
3.970000000000000000e+02,9.772003813659954630e-02,3.140065267748672113e+02
3.980000000000000000e+02,2.363158860948677553e+00,3.176926442428473365e+02
3.990000000000000000e+02,1.147679455232820667e+00,3.179078622415981954e+02
4.000000000000000000e+02,2.650091314297362111e+00,3.227359241449112233e+02
4.010000000000000000e+02,1.030251644386228627e+00,3.227329419343490713e+02
4.020000000000000000e+02,6.559120743283503030e-01,3.221721284116045467e+02
4.030000000000000000e+02,-2.193520876361141791e+00,3.242389993955845853e+02
4.040000000000000000e+02,9.093860824062591774e-01,3.240329812349421559e+02
4.050000000000000000e+02,1.731983772488898676e+00,3.256407551275755168e+02
4.060000000000000000e+02,3.291124907487064100e-03,3.246089458080136296e+02
4.070000000000000000e+02,2.417685691989967189e+00,3.285025884555176390e+02
4.080000000000000000e+02,-1.293657734888382649e+00,3.284268463000049678e+02
4.090000000000000000e+02,1.645692168420171297e+00,3.297968061328364797e+02
4.100000000000000000e+02,1.577856606314726351e+00,3.309876392746070337e+02
4.110000000000000000e+02,2.242694015720108514e+00,3.342310506910858408e+02
4.120000000000000000e+02,3.089003474588262854e+00,3.410443068040895582e+02
4.130000000000000000e+02,4.322771086748920522e-01,3.402503069647798952e+02
4.140000000000000000e+02,-1.418713690436248731e+00,3.403998223800995788e+02
4.150000000000000000e+02,1.492862692630630317e+00,3.413759405747582036e+02
4.160000000000000000e+02,-2.953285543873646279e+00,3.461953969398439312e+02
4.170000000000000000e+02,2.574505883651758253e+00,3.507106872110217068e+02
4.180000000000000000e+02,-5.499794588869943990e-02,3.496678190505652992e+02
4.190000000000000000e+02,2.766336740801210947e+00,3.549935898865724653e+02
4.200000000000000000e+02,-2.128668952982186724e+00,3.568655235649313227e+02
4.210000000000000000e+02,8.940843324078164844e-01,3.566353599265491994e+02
4.220000000000000000e+02,-2.121280847068289788e+00,3.584854852026415415e+02
4.230000000000000000e+02,1.169886631184282044e-01,3.574898796651129942e+02
4.240000000000000000e+02,-2.809124100765877596e+00,3.617206381741311816e+02
4.250000000000000000e+02,-6.881244179508795300e-01,3.608852220972133864e+02
4.260000000000000000e+02,-2.227099466129517147e+00,3.630554996526971649e+02
4.270000000000000000e+02,-9.145401562857109479e-01,3.624399014129151055e+02
4.280000000000000000e+02,-1.319514840554008916e+00,3.624088150899851257e+02
4.290000000000000000e+02,-1.126116526533216700e+00,3.620679719014059401e+02
4.300000000000000000e+02,5.032336644916303170e-01,3.613398523953317181e+02
4.310000000000000000e+02,4.497069501187760387e-01,3.605613373322946700e+02
4.320000000000000000e+02,1.164958223429372941e+00,3.608104038462295762e+02
4.330000000000000000e+02,2.603762993997709607e+00,3.654457454275593591e+02
4.340000000000000000e+02,1.632323625066490758e+00,3.667798593924633792e+02
4.350000000000000000e+02,9.730421036596257345e-01,3.666780486533218095e+02
4.360000000000000000e+02,2.981320609751688666e-01,3.657800887669251892e+02
4.370000000000000000e+02,5.087700084010642332e-01,3.650574264342465653e+02
4.380000000000000000e+02,4.961952902451749470e-02,3.640380335654661508e+02
4.390000000000000000e+02,6.500250363038359014e-01,3.634701223319106020e+02
4.400000000000000000e+02,-5.176728917903867799e-01,3.625198418471393893e+02
4.410000000000000000e+02,9.308379695889917871e-01,3.623482637926068151e+02
4.420000000000000000e+02,-9.353707950305731877e-01,3.617567431485616112e+02
4.430000000000000000e+02,-1.938499589814629775e+00,3.630933404733179941e+02
4.440000000000000000e+02,1.468695492338825570e+00,3.640103806489811973e+02
4.450000000000000000e+02,-1.670017816603292182e+00,3.646833336391425178e+02
4.460000000000000000e+02,8.840211289158350638e-01,3.644374817211995037e+02
4.470000000000000000e+02,-1.157237029814462526e+00,3.641427037142889276e+02
4.480000000000000000e+02,-1.829514242641389732e+00,3.651968990081183506e+02
4.490000000000000000e+02,2.083090565778479064e+00,3.678872196937426793e+02
4.500000000000000000e+02,1.624085787426078564e+00,3.691993782461651108e+02
4.510000000000000000e+02,-1.447047244251204567e+00,3.694031817646178411e+02
4.520000000000000000e+02,1.649627084421286805e+00,3.707837434711003652e+02
4.530000000000000000e+02,1.155479585915720475e-01,3.697875581598108283e+02
4.540000000000000000e+02,1.509842518924509047e+00,3.708057072668099750e+02
4.550000000000000000e+02,-2.591450054781813117e-01,3.697641981467569394e+02
4.560000000000000000e+02,1.501181506447302194e+00,3.707608543532628005e+02
4.570000000000000000e+02,-1.547925011589487809e+00,3.711676970524425769e+02
4.580000000000000000e+02,1.887424822770062960e+00,3.732319739382781449e+02
4.590000000000000000e+02,1.423649809851302017e-01,3.722470896663512008e+02
4.600000000000000000e+02,6.793174194846398617e-01,3.717150078455914581e+02
4.610000000000000000e+02,-7.775588021943739825e-02,3.706692021700782220e+02
4.620000000000000000e+02,2.135019566964349025e+00,3.735352938499285074e+02
4.630000000000000000e+02,7.156382934027333276e-02,3.725229033636343274e+02
4.640000000000000000e+02,2.469127594756066468e+00,3.766164093405737958e+02
4.650000000000000000e+02,1.805663570474086432e-01,3.756494822461649505e+02
4.660000000000000000e+02,3.158615480585219792e+00,3.828040819929595955e+02
4.670000000000000000e+02,1.103187570144289475e+00,3.829341984630694924e+02
4.680000000000000000e+02,2.213372134022913773e+00,3.860731390731597230e+02
4.690000000000000000e+02,-1.851593289697522904e-02,3.850365971069435318e+02
4.700000000000000000e+02,1.671939940481704578e+00,3.864777147607200050e+02
4.710000000000000000e+02,-7.265438283573810718e-01,3.856741937670865923e+02
4.720000000000000000e+02,-4.486617508725415648e-01,3.846897739578084838e+02
4.730000000000000000e+02,9.475280581329603713e-01,3.845454675044012447e+02
4.740000000000000000e+02,-9.804305537771617063e-01,3.840082519783941279e+02
4.750000000000000000e+02,-2.438335585918005588e-02,3.829705581503533836e+02
4.760000000000000000e+02,1.363387428488783915e+00,3.836403700367699230e+02
4.770000000000000000e+02,1.749742943060832001e+00,3.852984698031165749e+02
4.780000000000000000e+02,-1.441985330718120295e+00,3.854924863649320059e+02
4.790000000000000000e+02,-5.449695296066908723e-01,3.845576765270965893e+02
4.800000000000000000e+02,8.061560634836301142e-01,3.841955582167218495e+02
4.810000000000000000e+02,-1.128305700275536116e+00,3.838579080920360980e+02
4.820000000000000000e+02,-1.056253890584954558e+00,3.834189320800384166e+02
4.830000000000000000e+02,2.191747119337549954e+00,3.864816494420129516e+02
4.840000000000000000e+02,9.527695577432915286e-01,3.863459936183680270e+02
4.850000000000000000e+02,-3.398807192563045865e-01,3.853222330553893471e+02
4.860000000000000000e+02,-1.576548118519435215e+00,3.857894599315905566e+02
4.870000000000000000e+02,1.543060537519235220e+00,3.868910828358555136e+02
4.880000000000000000e+02,-2.886576510230984827e+00,3.914342598007578431e+02
4.890000000000000000e+02,-9.442117073084398404e-01,3.908531544352349556e+02
4.900000000000000000e+02,-1.027332626901217960e+00,3.903756919204886344e+02
4.910000000000000000e+02,4.288506066794547378e-01,3.895787014329565068e+02
4.920000000000000000e+02,-8.088888012463015809e-01,3.888509830721926619e+02
4.930000000000000000e+02,-1.722437837863912247e+00,3.896450348058031068e+02
4.940000000000000000e+02,-8.222394821290778255e-01,3.889305624402741159e+02
4.950000000000000000e+02,9.251601708717617223e-01,3.887498018983615111e+02
4.960000000000000000e+02,-2.213588305179481797e+00,3.908782684188039411e+02
4.970000000000000000e+02,1.331454077788149837e+00,3.914763909128770933e+02
4.980000000000000000e+02,-1.726861861356032035e+00,3.922808510399514148e+02
4.990000000000000000e+02,-9.619424471938242682e-01,3.917209864084083506e+02
