draw_index,seed,null_max_score
0,100000,5.537485872209425
1,100001,7.032755860025537
2,100002,8.629828224105124
3,100003,3.929975255642665
4,100004,4.299857635672915
5,100005,6.106231217156318
6,100006,4.3453500596460835
7,100007,10.309793900671496
8,100008,4.447566172386474
9,100009,5.040755888853296
10,100010,5.845790618706261
11,100011,4.23806593532162
12,100012,3.7341568081306775
13,100013,10.26138654167771
14,100014,4.57213439984954
15,100015,5.717756871647243
16,100016,32.16287623799144
17,100017,5.63082113933734
18,100018,6.974471887508957
19,100019,5.976521537106348
20,100020,4.9784672790759235
21,100021,10.547737436336337
22,100022,5.324263590168485
23,100023,8.065026705464447
24,100024,3.3678019279923213
25,100025,5.301169502580614
26,100026,3.48465920492972
27,100027,5.31523260393072
28,100028,4.705419023530584
29,100029,4.708904451415069
30,100030,4.276513564301152
31,100031,30.60404931292715
32,100032,6.229189100053789
33,100033,7.268222650877649
34,100034,5.378233638652478
35,100035,6.918261035976167
36,100036,5.680896350761991
37,100037,8.052448233899316
38,100038,6.652621783296645
39,100039,6.287655612579558
40,100040,4.18466508813489
41,100041,4.105339519029741
42,100042,6.925417514808128
43,100043,6.741897844318991
44,100044,10.190841683307337
45,100045,11.364082910331312
46,100046,6.1183844631710755
47,100047,4.5192533274432005
48,100048,7.511143488893968
49,100049,4.652606060501827
50,100050,9.272025077501667
51,100051,3.7565128815837685
52,100052,6.032208181054871
53,100053,4.585315963110608
54,100054,4.545946835170559
55,100055,31.930563995226883
56,100056,4.749738791180654
57,100057,4.121841394046203
58,100058,6.0665410386560366
59,100059,6.561337465193244
60,100060,3.829384527598794
61,100061,6.5393772032249275
62,100062,4.846352243752545
63,100063,7.724770188575192
64,100064,3.688581692938439
65,100065,17.993553011308283
66,100066,6.529735600244311
67,100067,5.171552919253501
68,100068,5.907325908703339
69,100069,4.1676986461058005
70,100070,5.889322836261385
71,100071,5.813391476602055
72,100072,5.147253015947907
73,100073,4.814090070341298
74,100074,8.312987909029713
75,100075,5.325543043854144
76,100076,5.465165487218675
77,100077,3.433560386094186
78,100078,5.647329075663291
79,100079,4.801279756848896
80,100080,5.7070989109370736
81,100081,5.415330124676364
82,100082,6.406155337764459
83,100083,4.880022885811466
84,100084,17.84058025316849
85,100085,10.131658049574568
86,100086,6.99827377289224
87,100087,6.686382665328495
88,100088,5.561351510535479
89,100089,9.71742314741578
90,100090,51.95247609734133
91,100091,5.892501573733477
92,100092,3.676856661687321
93,100093,8.156010067344273
94,100094,3.885704131282571
95,100095,6.6096596988523295
96,100096,4.856110092178726
97,100097,6.367007965788524
98,100098,28.644604427133096
99,100099,3.3717400449168133
100,100100,3.508903458596663
101,100101,5.591810623026199
102,100102,6.248411937095879
103,100103,4.476069531142304
104,100104,3.9050534997651383
105,100105,6.32035736471274
106,100106,6.951322368808837
107,100107,3.6424113044774593
108,100108,4.422658732584578
109,100109,9.217335899594248
110,100110,12.355803136777054
111,100111,6.778032817555939
112,100112,5.260759590035951
113,100113,7.534218780747906
114,100114,9.642239594365222
115,100115,22.08236341721504
116,100116,2.9905118768247543
117,100117,8.724774277386967
118,100118,5.175258080732148
119,100119,5.722424962916301
120,100120,3.995456782645678
121,100121,5.1208462740971665
122,100122,34.972484164460376
123,100123,28.875049618059073
124,100124,5.899224319819368
125,100125,5.431229272936919
126,100126,14.168628510356314
127,100127,3.2384249115378325
128,100128,7.1776603577202405
129,100129,5.223563365011858
130,100130,25.109846717722824
131,100131,6.4386268283196415
132,100132,5.799909418993483
133,100133,6.327320361019037
134,100134,55.74668566363801
135,100135,5.175020320805651
136,100136,5.250266269966827
137,100137,3.391715243737173
138,100138,7.29615421902919
139,100139,4.588060331588472
140,100140,2.8818207861186886
141,100141,50.184414371330156
142,100142,5.254769665339758
143,100143,6.919532931050702
144,100144,4.568801547993942
145,100145,4.904631983451122
146,100146,22.305328375336195
147,100147,10.459242225546499
148,100148,6.671182764246187
149,100149,6.544010442571842
150,100150,5.445678846156653
151,100151,5.755837710120231
152,100152,35.46582614073419
153,100153,6.293864467661235
154,100154,7.091376151376243
155,100155,5.419623506857511
156,100156,9.431180934657647
157,100157,4.538803487507848
158,100158,33.76244143550775
159,100159,3.6931132332359677
160,100160,8.127531013530055
161,100161,7.98353541968185
162,100162,6.173967029596966
163,100163,5.377092306349166
164,100164,18.469623667582265
165,100165,7.91665392341441
166,100166,6.707638592100071
167,100167,12.161873944095026
168,100168,4.605999325122786
169,100169,8.974945814068827
170,100170,3.252057424029985
171,100171,3.9132468243003986
172,100172,6.865737319480076
173,100173,5.977591737785145
174,100174,3.1277963636902952
175,100175,48.74489775880167
176,100176,4.723453937974298
177,100177,8.469972073044055
178,100178,4.257237620962714
179,100179,16.196911984769315
180,100180,4.5458211536546385
181,100181,21.161481100737074
182,100182,6.043954134387328
183,100183,3.3957221076768542
184,100184,4.921775949865892
185,100185,9.749612406344536
186,100186,4.4127493213749185
187,100187,6.575065361794662
188,100188,4.144031127078683
189,100189,4.402609848597589
190,100190,7.774536719233037
191,100191,3.2143937397779005
192,100192,3.981864804248878
193,100193,4.878361143344847
194,100194,9.351600376030557
195,100195,5.057222491575558
196,100196,10.320773697131143
197,100197,8.799652051773961
198,100198,51.22372821816593
199,100199,7.1120238774050515
200,100200,7.959445313087521
201,100201,3.451138223427181
202,100202,4.5913800962559765
203,100203,6.359018495330447
204,100204,5.4426488990882085
205,100205,5.407380148910769
206,100206,21.743392590989096
207,100207,5.1476934954485385
208,100208,5.876713834016961
209,100209,7.044839833646372
210,100210,6.2749355478395294
211,100211,5.969964327422025
212,100212,7.17015610041426
213,100213,6.513034789671098
214,100214,5.250480769973991
215,100215,4.14713369769653
216,100216,4.048105356787085
217,100217,5.225599329338745
218,100218,8.666929803901414
219,100219,3.0156982051579173
220,100220,4.267214123023444
221,100221,6.345907430550826
222,100222,6.7378680692545725
223,100223,5.905678819421135
224,100224,5.375476676372315
225,100225,5.400863631758579
226,100226,23.632119974555717
227,100227,5.42508485268721
228,100228,12.36213648144135
229,100229,6.996647815789085
230,100230,5.729048093764365
231,100231,6.776882300530048
232,100232,4.301453576844032
233,100233,6.149676420836771
234,100234,23.40611848953418
235,100235,6.659856608944351
236,100236,4.254748036110217
237,100237,4.4163289775712045
238,100238,9.984180181373766
239,100239,5.23619647743823
240,100240,5.507713072631594
241,100241,5.990635596795224
242,100242,7.713647732117174
243,100243,3.45532662124994
244,100244,4.928709887264515
245,100245,8.28734911644855
246,100246,5.396340166083588
247,100247,5.3992205658299826
248,100248,4.513033952401763
249,100249,8.89142866217757
250,100250,22.136696730659068
251,100251,12.884340026093216
252,100252,5.706818531744615
253,100253,15.652763488589159
254,100254,6.333133485248885
255,100255,10.497453689460146
256,100256,5.062487559415982
257,100257,5.617650352222064
258,100258,9.379147397078462
259,100259,4.047940741498131
260,100260,9.892351925786645
261,100261,5.361923352520037
262,100262,4.524421105540191
263,100263,4.186595479514935
264,100264,8.573046328086779
265,100265,94.14067043431083
266,100266,5.39720757161039
267,100267,3.849854468852561
268,100268,5.128242703081686
269,100269,10.920535810533014
270,100270,3.993242173176787
271,100271,12.830170812987634
272,100272,9.894729598524963
273,100273,11.244068904387362
274,100274,6.403553293562581
275,100275,8.220927590765001
276,100276,5.460684003695089
277,100277,8.416917082351395
278,100278,7.3849958023845055
279,100279,4.065581808870206
280,100280,16.08676990886317
281,100281,6.947828424122893
282,100282,16.40528409131451
283,100283,4.551244161364364
284,100284,7.622444628779398
285,100285,3.561876962216334
286,100286,10.992279796407626
287,100287,5.665034572098316
288,100288,3.5725298672417205
289,100289,6.64640132011325
290,100290,4.4379527198231195
291,100291,14.27673850253359
292,100292,4.274492840692502
293,100293,2.8819273216103
294,100294,8.897738721758785
295,100295,4.67519650148288
296,100296,7.81732185807488
297,100297,3.38049393146854
298,100298,20.23772522631933
299,100299,13.180423785249019
300,100300,7.300170281325833
301,100301,15.595123857422571
302,100302,3.5633711414218494
303,100303,4.504047634176263
304,100304,3.5201207774122567
305,100305,4.349892059149996
306,100306,5.31202258404643
307,100307,5.2481868956003375
308,100308,6.707508393257146
309,100309,4.564459048717956
310,100310,6.030033518156148
311,100311,4.377226815315543
312,100312,7.653602759609569
313,100313,5.0893082920661925
314,100314,5.920955156053433
315,100315,6.471689400699648
316,100316,10.739728112598758
317,100317,4.643626501511434
318,100318,5.640717360159371
319,100319,18.271065043658737
320,100320,4.934195967925898
321,100321,7.185786651433279
322,100322,8.679761729313316
323,100323,7.429150991050303
324,100324,4.685412533156392
325,100325,5.537389377628008
326,100326,16.41342370720658
327,100327,3.420636936150018
328,100328,6.790110292207957
329,100329,9.35845267639592
330,100330,5.772011485034669
331,100331,4.228434201879745
332,100332,14.340148564882254
333,100333,5.820296172421509
334,100334,9.909176931726149
335,100335,20.907625671462082
336,100336,4.548921019766644
337,100337,6.189949602076804
338,100338,48.07677921400325
339,100339,8.384371963190787
340,100340,4.700315309809192
341,100341,5.3606779248694485
342,100342,5.515303210659816
343,100343,13.443174235863987
344,100344,4.486182579091192
345,100345,15.347406408435596
346,100346,10.888425597090238
347,100347,4.8215392598594855
348,100348,8.215774835981156
349,100349,4.550861178358113
350,100350,4.112140682702751
351,100351,3.571538592650752
352,100352,6.854695439412017
353,100353,8.971401811940487
354,100354,4.175298881222961
355,100355,4.130843988956346
356,100356,10.828479496805121
357,100357,5.7467212805774155
358,100358,4.426723451613345
359,100359,6.576640182076038
360,100360,10.385186911746505
361,100361,3.447612919183263
362,100362,6.4022268351713425
363,100363,6.459473260700663
364,100364,4.4240595250080474
365,100365,6.4758503492254835
366,100366,3.8644462296015263
367,100367,9.317255128975928
368,100368,8.677886867013228
369,100369,5.540837343330207
370,100370,5.197880223071793
371,100371,7.414124071810706
372,100372,5.044674673070406
373,100373,5.12976496463911
374,100374,8.23709953080995
375,100375,5.232693095912222
376,100376,3.7624759313883622
377,100377,6.161973475727116
378,100378,11.244301787008883
379,100379,5.27801197204133
380,100380,4.057050435308378
381,100381,6.356207300381426
382,100382,7.682368140698433
383,100383,5.203968088952905
384,100384,7.1583135975295
385,100385,6.2075365998135466
386,100386,5.380910829634583
387,100387,4.248727081609186
388,100388,6.492889647162366
389,100389,12.175161371302485
390,100390,3.6468859797191397
391,100391,5.9907308482110775
392,100392,7.994872894806047
393,100393,10.10589133057446
394,100394,7.0748084834842855
395,100395,4.933695161234633
396,100396,7.977816266016303
397,100397,7.925449595705508
398,100398,7.072007532625198
399,100399,5.725994184562995
400,100400,4.652745843578122
401,100401,9.193579372232657
402,100402,6.348047788027304
403,100403,6.317815832021854
404,100404,5.48941147143594
405,100405,5.6975738927208
406,100406,9.225207046513729
407,100407,4.5304271425981755
408,100408,16.691143163230755
409,100409,7.863357612945913
410,100410,3.8429016673498744
411,100411,4.4915068901640485
412,100412,6.823472547751592
413,100413,5.5516424240877935
414,100414,15.662735132042279
415,100415,3.7389746081286708
416,100416,11.948323384112006
417,100417,6.394424185000413
418,100418,10.513047508869308
419,100419,6.58840866604103
420,100420,8.58018902861115
421,100421,10.696573141173285
422,100422,7.731094741601046
423,100423,5.007073573501836
424,100424,9.312413586189658
425,100425,8.596126293020657
426,100426,5.332528783977946
427,100427,3.575843343455409
428,100428,8.488862189568946
429,100429,7.217971489313088
430,100430,4.977739799752077
431,100431,5.420001963165777
432,100432,12.900124383114843
433,100433,10.578573401159971
434,100434,5.256260518625643
435,100435,6.722382325263204
436,100436,8.50104062466528
437,100437,5.892628008519702
438,100438,4.661010451558209
439,100439,4.429037564787862
440,100440,21.375409212121465
441,100441,4.120384240495125
442,100442,5.173690767278725
443,100443,6.1942047702039105
444,100444,3.9098860882673048
445,100445,22.949033702188846
446,100446,8.161358381882689
447,100447,4.033045515681128
448,100448,3.326258968997078
449,100449,3.827762600180117
450,100450,32.96212093647401
451,100451,7.010706751224491
452,100452,5.309549054506742
453,100453,8.052793230087492
454,100454,9.75885882396784
455,100455,5.323778415862644
456,100456,9.227582093849476
457,100457,7.919365999840375
458,100458,4.746681669107277
459,100459,17.8709471036537
460,100460,24.978339362468407
461,100461,4.362832611733694
462,100462,23.912891379831443
463,100463,3.9728033724407608
464,100464,7.637651305164987
465,100465,6.378962463542821
466,100466,49.446856584974434
467,100467,5.584001622981478
468,100468,7.5461166630909595
469,100469,4.954094095005839
470,100470,4.160914329442101
471,100471,11.21466370583225
472,100472,4.413491830820446
473,100473,10.861144774361746
474,100474,6.575146648906997
475,100475,8.062665396745556
476,100476,4.953753065973187
477,100477,8.612270395249592
478,100478,4.874307664879516
479,100479,12.58513391176619
480,100480,4.932343629489273
481,100481,8.994486455424962
482,100482,7.205693059912681
483,100483,4.333595164587868
484,100484,15.21175497910123
485,100485,5.829835082485697
486,100486,4.282973485345471
487,100487,7.436581485662067
488,100488,3.729799534735651
489,100489,5.904141763685821
490,100490,4.968624127028999
491,100491,5.104254155340218
492,100492,5.138775034306325
493,100493,9.671291223365419
494,100494,3.9328329878098174
495,100495,4.884588990685092
496,100496,3.7288367630388555
497,100497,5.811170469753008
498,100498,22.89483292500928
499,100499,4.267853014462081
