model,rep,alarmed,hit,alarm_time,attrib_time,attrib_feature
kalman,0,True,True,321.0,321,variance_pressure
arima,0,True,True,334.0,334,break_pressure
kalman,1,True,True,443.0,443,variance_pressure
arima,1,True,True,399.0,399,variance_pressure
kalman,2,True,True,354.0,354,variance_pressure
arima,2,False,False,,456,variance_pressure
kalman,3,True,True,351.0,351,variance_pressure
arima,3,False,False,,400,variance_pressure
kalman,4,True,True,447.0,447,variance_pressure
arima,4,False,False,,460,variance_pressure
kalman,5,False,False,,451,variance_pressure
arima,5,False,False,,460,variance_pressure
kalman,6,True,True,348.0,348,variance_pressure
arima,6,False,False,,456,variance_pressure
kalman,7,True,True,451.0,451,variance_pressure
arima,7,False,False,,460,variance_pressure
kalman,8,True,True,351.0,351,variance_pressure
arima,8,False,False,,456,variance_pressure
kalman,9,True,True,451.0,451,variance_pressure
arima,9,False,False,,456,variance_pressure
kalman,10,False,False,,451,variance_pressure
arima,10,False,False,,460,variance_pressure
kalman,11,True,True,395.0,395,variance_pressure
arima,11,False,False,,456,variance_pressure
kalman,12,True,True,441.0,441,variance_pressure
arima,12,True,True,489.0,489,variance_pressure
kalman,13,True,True,351.0,351,variance_pressure
arima,13,False,False,,460,variance_pressure
kalman,14,True,True,451.0,451,variance_pressure
arima,14,False,False,,456,variance_pressure
kalman,15,True,True,349.0,349,variance_pressure
arima,15,False,False,,460,variance_pressure
kalman,16,True,True,448.0,448,variance_pressure
arima,16,False,False,,460,variance_pressure
kalman,17,True,True,349.0,349,variance_pressure
arima,17,True,True,453.0,453,variance_pressure
kalman,18,True,True,443.0,443,variance_pressure
arima,18,True,True,454.0,454,variance_pressure
kalman,19,True,True,448.0,448,variance_pressure
arima,19,False,False,,456,variance_pressure
kalman,20,True,True,443.0,443,variance_pressure
arima,20,False,False,,456,variance_pressure
kalman,21,True,True,351.0,351,variance_pressure
arima,21,True,True,394.0,394,variance_pressure
kalman,22,True,True,451.0,451,variance_pressure
arima,22,False,False,,456,variance_pressure
kalman,23,True,True,351.0,351,variance_pressure
arima,23,True,True,454.0,454,variance_pressure
kalman,24,True,True,451.0,451,variance_pressure
arima,24,False,False,,460,variance_pressure
kalman,25,True,True,450.0,450,variance_pressure
arima,25,False,False,,460,variance_pressure
kalman,26,True,True,349.0,349,variance_pressure
arima,26,False,False,,456,variance_pressure
kalman,27,True,True,322.0,322,variance_pressure
arima,27,False,False,,456,variance_pressure
kalman,28,False,False,,451,variance_pressure
arima,28,False,False,,456,variance_pressure
kalman,29,True,True,395.0,395,variance_pressure
arima,29,True,True,456.0,456,variance_pressure
kalman,30,True,True,441.0,441,variance_pressure
arima,30,False,False,,460,variance_pressure
kalman,31,True,True,387.0,387,variance_pressure
arima,31,True,True,455.0,455,variance_pressure
kalman,32,True,True,345.0,345,variance_pressure
arima,32,False,False,,460,variance_pressure
kalman,33,True,True,443.0,443,variance_pressure
arima,33,False,False,,460,variance_pressure
kalman,34,True,True,319.0,319,variance_pressure
arima,34,True,True,334.0,334,variance_pressure
kalman,35,True,True,395.0,395,variance_pressure
arima,35,True,True,460.0,460,variance_pressure
kalman,36,True,True,447.0,447,variance_pressure
arima,36,False,False,,495,state_shift_pressure
kalman,37,False,False,,451,variance_pressure
arima,37,False,False,,456,variance_pressure
kalman,38,True,True,447.0,447,variance_pressure
arima,38,False,False,,456,variance_pressure
kalman,39,True,True,443.0,443,variance_pressure
arima,39,True,False,228.0,228,break_pressure
kalman,40,True,True,451.0,451,variance_pressure
arima,40,False,False,,456,variance_pressure
kalman,41,True,True,351.0,351,variance_pressure
arima,41,False,False,,495,state_shift_pressure
kalman,42,True,True,399.0,399,variance_pressure
arima,42,False,False,,489,variance_pressure
kalman,43,True,True,450.0,450,variance_pressure
arima,43,False,False,,456,variance_pressure
kalman,44,True,True,351.0,351,variance_pressure
arima,44,True,True,456.0,456,variance_pressure
kalman,45,True,True,348.0,348,variance_pressure
arima,45,True,True,455.0,455,variance_pressure
kalman,46,False,False,,451,variance_pressure
arima,46,False,False,,456,variance_pressure
kalman,47,True,True,345.0,345,variance_pressure
arima,47,True,True,399.0,399,variance_pressure
kalman,48,True,True,387.0,387,variance_pressure
arima,48,False,False,,460,variance_pressure
kalman,49,True,True,400.0,400,variance_pressure
arima,49,False,False,,456,variance_pressure
kalman,50,True,True,395.0,395,variance_pressure
arima,50,False,False,,456,variance_pressure
kalman,51,False,False,,451,variance_pressure
arima,51,False,False,,472,acceleration
kalman,52,True,True,449.0,449,variance_pressure
arima,52,False,False,,460,variance_pressure
kalman,53,True,True,441.0,441,variance_pressure
arima,53,True,True,456.0,456,variance_pressure
kalman,54,True,True,447.0,447,variance_pressure
arima,54,False,False,,460,variance_pressure
kalman,55,True,True,387.0,387,variance_pressure
arima,55,False,False,,456,variance_pressure
kalman,56,True,True,351.0,351,variance_pressure
arima,56,False,False,,456,variance_pressure
kalman,57,True,True,351.0,351,variance_pressure
arima,57,True,True,455.0,455,variance_pressure
kalman,58,True,True,440.0,440,variance_pressure
arima,58,False,False,,460,variance_pressure
kalman,59,True,True,315.0,315,break_pressure
arima,59,True,False,174.0,174,break_pressure
kalman,60,True,True,320.0,320,variance_pressure
arima,60,True,True,399.0,399,variance_pressure
kalman,61,True,True,441.0,441,variance_pressure
arima,61,False,False,,456,variance_pressure
kalman,62,True,True,448.0,448,variance_pressure
arima,62,False,False,,460,variance_pressure
kalman,63,True,True,490.0,490,variance_pressure
arima,63,True,True,460.0,460,variance_pressure
kalman,64,True,True,400.0,400,variance_pressure
arima,64,False,False,,456,variance_pressure
kalman,65,True,False,226.0,226,state_shift_pressure
arima,65,True,True,457.0,457,state_shift_pressure
kalman,66,True,True,395.0,395,variance_pressure
arima,66,False,False,,456,variance_pressure
kalman,67,True,True,443.0,443,variance_pressure
arima,67,False,False,,460,variance_pressure
kalman,68,True,True,445.0,445,variance_pressure
arima,68,False,False,,460,variance_pressure
kalman,69,True,True,447.0,447,variance_pressure
arima,69,False,False,,460,variance_pressure
kalman,70,True,True,448.0,448,variance_pressure
arima,70,False,False,,460,variance_pressure
kalman,71,True,True,443.0,443,variance_pressure
arima,71,False,False,,460,variance_pressure
kalman,72,False,False,,451,variance_pressure
arima,72,False,False,,469,variance_pressure
kalman,73,True,True,447.0,447,variance_pressure
arima,73,False,False,,490,variance_pressure
kalman,74,True,True,447.0,447,variance_pressure
arima,74,False,False,,460,variance_pressure
kalman,75,False,False,,451,variance_pressure
arima,75,False,False,,456,variance_pressure
kalman,76,True,True,443.0,443,variance_pressure
arima,76,False,False,,456,variance_pressure
kalman,77,True,False,205.0,205,break_pressure
arima,77,False,False,,489,variance_pressure
kalman,78,True,True,395.0,395,variance_pressure
arima,78,False,False,,456,variance_pressure
kalman,79,True,True,451.0,451,variance_pressure
arima,79,False,False,,490,variance_pressure
kalman,80,True,True,462.0,462,break_pressure
arima,80,False,False,,477,break_pressure
kalman,81,True,True,433.0,433,variance_pressure
arima,81,False,False,,456,variance_pressure
kalman,82,True,True,451.0,451,variance_pressure
arima,82,False,False,,460,variance_pressure
kalman,83,True,True,451.0,451,variance_pressure
arima,83,False,False,,456,variance_pressure
kalman,84,True,True,447.0,447,variance_pressure
arima,84,False,False,,456,variance_pressure
kalman,85,True,True,351.0,351,variance_pressure
arima,85,False,False,,456,variance_pressure
kalman,86,False,False,,451,variance_pressure
arima,86,False,False,,400,variance_pressure
kalman,87,True,True,349.0,349,variance_pressure
arima,87,False,False,,456,variance_pressure
kalman,88,True,True,420.0,420,variance_pressure
arima,88,False,False,,460,variance_pressure
kalman,89,True,True,351.0,351,variance_pressure
arima,89,False,False,,460,variance_pressure
kalman,90,True,True,399.0,399,variance_pressure
arima,90,True,True,300.0,300,break_pressure
kalman,91,False,False,,494,variance_pressure
arima,91,False,False,,460,variance_pressure
kalman,92,True,True,398.0,398,variance_pressure
arima,92,True,True,456.0,456,variance_pressure
kalman,93,False,False,,451,variance_pressure
arima,93,False,False,,456,variance_pressure
kalman,94,True,True,349.0,349,variance_pressure
arima,94,True,True,456.0,456,variance_pressure
kalman,95,True,True,448.0,448,variance_pressure
arima,95,False,False,,456,variance_pressure
kalman,96,True,True,448.0,448,variance_pressure
arima,96,False,False,,460,variance_pressure
kalman,97,False,False,,460,variance_pressure
arima,97,False,False,,495,state_shift_pressure
kalman,98,True,True,448.0,448,variance_pressure
arima,98,False,False,,460,variance_pressure
kalman,99,True,True,330.0,330,variance_pressure
arima,99,False,False,,456,variance_pressure
kalman,100,True,True,451.0,451,variance_pressure
arima,100,False,False,,456,variance_pressure
kalman,101,True,True,351.0,351,variance_pressure
arima,101,False,False,,460,variance_pressure
kalman,102,True,True,441.0,441,variance_pressure
arima,102,False,False,,460,variance_pressure
kalman,103,False,False,,497,variance_pressure
arima,103,False,False,,490,variance_pressure
kalman,104,True,True,443.0,443,variance_pressure
arima,104,False,False,,489,variance_pressure
kalman,105,True,True,326.0,326,variance_pressure
arima,105,True,True,456.0,456,variance_pressure
kalman,106,True,True,451.0,451,variance_pressure
arima,106,False,False,,400,variance_pressure
kalman,107,True,True,395.0,395,variance_pressure
arima,107,False,False,,460,variance_pressure
kalman,108,False,False,,451,variance_pressure
arima,108,False,False,,490,variance_pressure
kalman,109,True,True,490.0,490,variance_pressure
arima,109,False,False,,489,variance_pressure
kalman,110,False,False,,451,variance_pressure
arima,110,False,False,,400,variance_pressure
kalman,111,True,True,443.0,443,variance_pressure
arima,111,False,False,,460,variance_pressure
kalman,112,True,True,451.0,451,variance_pressure
arima,112,False,False,,456,variance_pressure
kalman,113,False,False,,460,variance_pressure
arima,113,False,False,,460,variance_pressure
kalman,114,True,True,447.0,447,variance_pressure
arima,114,False,False,,456,variance_pressure
kalman,115,True,True,351.0,351,variance_pressure
arima,115,True,True,456.0,456,variance_pressure
kalman,116,True,True,395.0,395,variance_pressure
arima,116,False,False,,456,variance_pressure
kalman,117,True,True,348.0,348,variance_pressure
arima,117,False,False,,456,variance_pressure
kalman,118,True,True,322.0,322,variance_pressure
arima,118,False,False,,460,variance_pressure
kalman,119,True,True,443.0,443,variance_pressure
arima,119,False,False,,460,variance_pressure
kalman,120,True,True,447.0,447,variance_pressure
arima,120,False,False,,489,variance_pressure
kalman,121,True,True,451.0,451,variance_pressure
arima,121,False,False,,460,variance_pressure
kalman,122,True,True,405.0,405,state_shift_pressure
arima,122,False,False,,456,variance_pressure
kalman,123,True,True,395.0,395,variance_pressure
arima,123,True,True,456.0,456,variance_pressure
kalman,124,False,False,,497,variance_pressure
arima,124,False,False,,460,variance_pressure
kalman,125,True,True,400.0,400,variance_pressure
arima,125,False,False,,456,variance_pressure
kalman,126,True,True,351.0,351,variance_pressure
arima,126,False,False,,456,variance_pressure
kalman,127,True,True,443.0,443,variance_pressure
arima,127,False,False,,489,variance_pressure
kalman,128,True,True,399.0,399,variance_pressure
arima,128,False,False,,456,variance_pressure
kalman,129,True,True,351.0,351,variance_pressure
arima,129,True,True,456.0,456,variance_pressure
kalman,130,True,True,443.0,443,variance_pressure
arima,130,False,False,,460,variance_pressure
kalman,131,True,True,349.0,349,variance_pressure
arima,131,True,True,456.0,456,variance_pressure
kalman,132,True,True,441.0,441,variance_pressure
arima,132,False,False,,456,variance_pressure
kalman,133,False,False,,483,state_shift_pressure
arima,133,False,False,,479,state_shift_pressure
kalman,134,True,True,441.0,441,variance_pressure
arima,134,False,False,,460,variance_pressure
kalman,135,True,True,387.0,387,variance_pressure
arima,135,True,True,456.0,456,variance_pressure
kalman,136,True,True,451.0,451,variance_pressure
arima,136,False,False,,489,variance_pressure
kalman,137,True,True,447.0,447,variance_pressure
arima,137,False,False,,456,variance_pressure
kalman,138,True,True,443.0,443,variance_pressure
arima,138,True,False,165.0,165,instability
kalman,139,True,True,451.0,451,variance_pressure
arima,139,False,False,,489,variance_pressure
kalman,140,True,True,399.0,399,variance_pressure
arima,140,False,False,,456,variance_pressure
kalman,141,False,False,,451,variance_pressure
arima,141,False,False,,489,variance_pressure
kalman,142,True,True,451.0,451,variance_pressure
arima,142,False,False,,477,break_pressure
kalman,143,True,True,322.0,322,variance_pressure
arima,143,True,True,400.0,400,variance_pressure
kalman,144,True,True,322.0,322,variance_pressure
arima,144,False,False,,460,variance_pressure
kalman,145,False,False,,454,variance_pressure
arima,145,False,False,,444,acceleration
kalman,146,True,True,441.0,441,variance_pressure
arima,146,False,False,,460,variance_pressure
kalman,147,False,False,,494,variance_pressure
arima,147,False,False,,489,variance_pressure
kalman,148,True,True,400.0,400,variance_pressure
arima,148,False,False,,456,variance_pressure
kalman,149,True,False,231.0,231,state_shift_pressure
arima,149,False,False,,489,variance_pressure
kalman,150,True,True,447.0,447,variance_pressure
arima,150,False,False,,456,variance_pressure
kalman,151,True,True,441.0,441,variance_pressure
arima,151,False,False,,489,variance_pressure
kalman,152,True,True,326.0,326,variance_pressure
arima,152,True,True,265.0,265,instability
kalman,153,True,True,322.0,322,variance_pressure
arima,153,True,True,350.0,350,variance_pressure
kalman,154,True,True,391.0,391,variance_pressure
arima,154,False,False,,456,variance_pressure
kalman,155,True,True,447.0,447,variance_pressure
arima,155,False,False,,456,variance_pressure
kalman,156,True,True,326.0,326,variance_pressure
arima,156,False,False,,456,variance_pressure
kalman,157,False,False,,451,variance_pressure
arima,157,False,False,,456,variance_pressure
kalman,158,True,True,450.0,450,variance_pressure
arima,158,True,True,300.0,300,break_pressure
kalman,159,False,False,,490,variance_pressure
arima,159,False,False,,490,variance_pressure
kalman,160,False,False,,451,variance_pressure
arima,160,False,False,,460,variance_pressure
kalman,161,False,False,,460,variance_pressure
arima,161,False,False,,460,variance_pressure
kalman,162,True,True,450.0,450,variance_pressure
arima,162,True,True,454.0,454,variance_pressure
kalman,163,True,True,326.0,326,variance_pressure
arima,163,True,True,394.0,394,variance_pressure
kalman,164,True,True,395.0,395,variance_pressure
arima,164,False,False,,489,variance_pressure
kalman,165,True,True,451.0,451,variance_pressure
arima,165,False,False,,400,variance_pressure
kalman,166,True,True,387.0,387,variance_pressure
arima,166,True,True,456.0,456,variance_pressure
kalman,167,False,False,,451,variance_pressure
arima,167,False,False,,460,variance_pressure
kalman,168,True,True,351.0,351,variance_pressure
arima,168,True,True,400.0,400,variance_pressure
kalman,169,True,True,326.0,326,variance_pressure
arima,169,True,True,456.0,456,variance_pressure
kalman,170,True,True,451.0,451,variance_pressure
arima,170,False,False,,489,variance_pressure
kalman,171,True,True,443.0,443,variance_pressure
arima,171,False,False,,460,variance_pressure
kalman,172,False,False,,490,variance_pressure
arima,172,False,False,,174,break_pressure
kalman,173,True,True,443.0,443,variance_pressure
arima,173,False,False,,489,variance_pressure
kalman,174,True,True,441.0,441,variance_pressure
arima,174,False,False,,489,variance_pressure
kalman,175,True,True,443.0,443,variance_pressure
arima,175,True,True,271.0,271,break_pressure
kalman,176,True,True,344.0,344,variance_pressure
arima,176,True,True,394.0,394,variance_pressure
kalman,177,True,True,351.0,351,variance_pressure
arima,177,True,True,456.0,456,variance_pressure
kalman,178,True,True,448.0,448,variance_pressure
arima,178,False,False,,460,variance_pressure
kalman,179,True,True,441.0,441,variance_pressure
arima,179,False,False,,456,variance_pressure
kalman,180,True,True,395.0,395,variance_pressure
arima,180,False,False,,456,variance_pressure
kalman,181,True,True,451.0,451,variance_pressure
arima,181,False,False,,460,variance_pressure
kalman,182,True,True,395.0,395,variance_pressure
arima,182,False,False,,456,variance_pressure
kalman,183,True,True,351.0,351,variance_pressure
arima,183,True,True,456.0,456,variance_pressure
kalman,184,True,True,322.0,322,variance_pressure
arima,184,True,True,399.0,399,variance_pressure
kalman,185,True,True,345.0,345,variance_pressure
arima,185,True,True,456.0,456,variance_pressure
kalman,186,True,True,451.0,451,variance_pressure
arima,186,False,False,,460,variance_pressure
kalman,187,True,True,448.0,448,variance_pressure
arima,187,False,False,,456,variance_pressure
kalman,188,True,True,322.0,322,variance_pressure
arima,188,True,True,456.0,456,variance_pressure
kalman,189,True,True,326.0,326,variance_pressure
arima,189,True,True,456.0,456,variance_pressure
kalman,190,True,True,441.0,441,variance_pressure
arima,190,False,False,,456,variance_pressure
kalman,191,True,True,450.0,450,variance_pressure
arima,191,False,False,,489,variance_pressure
kalman,192,True,True,387.0,387,variance_pressure
arima,192,False,False,,456,variance_pressure
kalman,193,True,True,252.0,252,state_shift_pressure
arima,193,False,False,,495,state_shift_pressure
kalman,194,False,False,,494,variance_pressure
arima,194,False,False,,489,variance_pressure
kalman,195,False,False,,490,variance_pressure
arima,195,False,False,,460,variance_pressure
kalman,196,True,True,443.0,443,variance_pressure
arima,196,False,False,,460,variance_pressure
kalman,197,True,True,322.0,322,variance_pressure
arima,197,True,True,456.0,456,variance_pressure
kalman,198,True,True,351.0,351,variance_pressure
arima,198,True,False,182.0,182,break_pressure
kalman,199,True,True,451.0,451,variance_pressure
arima,199,False,False,,460,variance_pressure
kalman,200,True,True,443.0,443,variance_pressure
arima,200,False,False,,456,variance_pressure
kalman,201,False,False,,451,variance_pressure
arima,201,True,True,294.0,294,instability
kalman,202,True,True,326.0,326,variance_pressure
arima,202,True,True,394.0,394,variance_pressure
kalman,203,False,False,,490,variance_pressure
arima,203,False,False,,489,variance_pressure
kalman,204,False,False,,451,variance_pressure
arima,204,False,False,,460,variance_pressure
kalman,205,True,True,400.0,400,variance_pressure
arima,205,False,False,,489,variance_pressure
kalman,206,True,True,407.0,407,state_shift_pressure
arima,206,True,True,477.0,477,state_shift_pressure
kalman,207,True,True,351.0,351,variance_pressure
arima,207,False,False,,456,variance_pressure
kalman,208,True,True,443.0,443,variance_pressure
arima,208,False,False,,456,variance_pressure
kalman,209,True,True,400.0,400,variance_pressure
arima,209,False,False,,460,variance_pressure
kalman,210,False,False,,451,variance_pressure
arima,210,False,False,,456,variance_pressure
kalman,211,True,True,463.0,463,break_pressure
arima,211,False,False,,456,variance_pressure
kalman,212,True,True,447.0,447,variance_pressure
arima,212,False,False,,456,variance_pressure
kalman,213,True,True,391.0,391,variance_pressure
arima,213,True,True,456.0,456,variance_pressure
kalman,214,True,True,448.0,448,variance_pressure
arima,214,False,False,,489,variance_pressure
kalman,215,True,True,343.0,343,variance_pressure
arima,215,True,True,350.0,350,variance_pressure
kalman,216,True,True,322.0,322,variance_pressure
arima,216,True,True,399.0,399,variance_pressure
kalman,217,True,True,387.0,387,variance_pressure
arima,217,False,False,,489,variance_pressure
kalman,218,True,True,398.0,398,variance_pressure
arima,218,True,True,399.0,399,break_pressure
kalman,219,True,True,443.0,443,variance_pressure
arima,219,False,False,,456,variance_pressure
kalman,220,True,True,395.0,395,variance_pressure
arima,220,False,False,,460,variance_pressure
kalman,221,False,False,,451,variance_pressure
arima,221,False,False,,490,variance_pressure
kalman,222,False,False,,483,state_shift_pressure
arima,222,False,False,,456,variance_pressure
kalman,223,True,True,400.0,400,variance_pressure
arima,223,True,True,424.0,424,variance_pressure
kalman,224,True,True,447.0,447,variance_pressure
arima,224,False,False,,456,variance_pressure
kalman,225,True,True,460.0,460,variance_pressure
arima,225,False,False,,460,variance_pressure
kalman,226,True,True,448.0,448,variance_pressure
arima,226,False,False,,489,variance_pressure
kalman,227,True,True,448.0,448,variance_pressure
arima,227,False,False,,456,variance_pressure
kalman,228,True,True,348.0,348,variance_pressure
arima,228,False,False,,460,variance_pressure
kalman,229,True,True,395.0,395,variance_pressure
arima,229,False,False,,489,variance_pressure
kalman,230,False,False,,494,variance_pressure
arima,230,False,False,,495,state_shift_pressure
kalman,231,False,False,,451,variance_pressure
arima,231,False,False,,456,variance_pressure
kalman,232,False,False,,496,variance_pressure
arima,232,False,False,,351,variance_pressure
kalman,233,True,True,322.0,322,variance_pressure
arima,233,False,False,,456,variance_pressure
kalman,234,False,False,,451,variance_pressure
arima,234,False,False,,456,variance_pressure
kalman,235,False,False,,490,variance_pressure
arima,235,False,False,,489,variance_pressure
kalman,236,True,True,387.0,387,variance_pressure
arima,236,False,False,,456,variance_pressure
kalman,237,True,True,448.0,448,variance_pressure
arima,237,True,True,271.0,271,break_pressure
kalman,238,False,False,,451,variance_pressure
arima,238,False,False,,456,variance_pressure
kalman,239,True,True,345.0,345,variance_pressure
arima,239,True,False,186.0,186,break_pressure
kalman,240,False,False,,451,variance_pressure
arima,240,False,False,,456,variance_pressure
kalman,241,True,True,441.0,441,variance_pressure
arima,241,False,False,,460,variance_pressure
kalman,242,True,True,448.0,448,variance_pressure
arima,242,False,False,,460,variance_pressure
kalman,243,True,True,319.0,319,variance_pressure
arima,243,True,True,394.0,394,variance_pressure
kalman,244,True,True,391.0,391,variance_pressure
arima,244,True,True,399.0,399,variance_pressure
kalman,245,False,False,,451,variance_pressure
arima,245,False,False,,460,variance_pressure
kalman,246,True,True,344.0,344,state_shift_pressure
arima,246,True,True,399.0,399,variance_pressure
kalman,247,True,True,490.0,490,variance_pressure
arima,247,False,False,,489,variance_pressure
kalman,248,True,True,451.0,451,variance_pressure
arima,248,False,False,,456,variance_pressure
kalman,249,True,True,441.0,441,variance_pressure
arima,249,False,False,,456,variance_pressure
kalman,250,True,True,348.0,348,variance_pressure
arima,250,True,True,456.0,456,variance_pressure
kalman,251,True,True,448.0,448,variance_pressure
arima,251,False,False,,489,variance_pressure
kalman,252,True,True,451.0,451,variance_pressure
arima,252,False,False,,460,variance_pressure
kalman,253,True,True,351.0,351,variance_pressure
arima,253,False,False,,460,variance_pressure
kalman,254,True,True,441.0,441,variance_pressure
arima,254,False,False,,460,variance_pressure
kalman,255,True,True,349.0,349,variance_pressure
arima,255,False,False,,460,variance_pressure
kalman,256,True,False,230.0,230,state_shift_pressure
arima,256,True,True,300.0,300,break_pressure
kalman,257,True,True,443.0,443,variance_pressure
arima,257,False,False,,456,variance_pressure
kalman,258,True,True,448.0,448,variance_pressure
arima,258,False,False,,456,variance_pressure
kalman,259,True,True,447.0,447,variance_pressure
arima,259,False,False,,460,variance_pressure
kalman,260,True,True,443.0,443,variance_pressure
arima,260,False,False,,460,variance_pressure
kalman,261,True,True,319.0,319,variance_pressure
arima,261,True,True,400.0,400,variance_pressure
kalman,262,True,True,400.0,400,variance_pressure
arima,262,False,False,,400,variance_pressure
kalman,263,True,True,443.0,443,variance_pressure
arima,263,False,False,,460,variance_pressure
kalman,264,False,False,,451,variance_pressure
arima,264,False,False,,495,state_shift_pressure
kalman,265,True,True,450.0,450,variance_pressure
arima,265,False,False,,460,variance_pressure
kalman,266,True,True,448.0,448,variance_pressure
arima,266,False,False,,460,variance_pressure
kalman,267,True,True,322.0,322,variance_pressure
arima,267,True,True,456.0,456,variance_pressure
kalman,268,True,True,350.0,350,variance_pressure
arima,268,True,True,424.0,424,variance_pressure
kalman,269,False,False,,451,variance_pressure
arima,269,False,False,,460,variance_pressure
kalman,270,True,True,441.0,441,variance_pressure
arima,270,False,False,,460,variance_pressure
kalman,271,True,True,395.0,395,variance_pressure
arima,271,False,False,,489,variance_pressure
kalman,272,True,True,313.0,313,variance_pressure
arima,272,True,True,333.0,333,variance_pressure
kalman,273,True,True,326.0,326,variance_pressure
arima,273,True,True,351.0,351,variance_pressure
kalman,274,True,True,387.0,387,variance_pressure
arima,274,True,True,334.0,334,break_pressure
kalman,275,True,True,441.0,441,variance_pressure
arima,275,False,False,,456,variance_pressure
kalman,276,True,True,391.0,391,state_shift_pressure
arima,276,False,False,,456,variance_pressure
kalman,277,True,True,445.0,445,variance_pressure
arima,277,False,False,,460,variance_pressure
kalman,278,True,True,351.0,351,variance_pressure
arima,278,False,False,,460,variance_pressure
kalman,279,True,True,471.0,471,state_shift_pressure
arima,279,False,False,,460,variance_pressure
kalman,280,False,False,,451,variance_pressure
arima,280,False,False,,400,variance_pressure
kalman,281,True,True,443.0,443,variance_pressure
arima,281,False,False,,456,variance_pressure
kalman,282,True,True,450.0,450,variance_pressure
arima,282,False,False,,490,variance_pressure
kalman,283,False,False,,451,variance_pressure
arima,283,False,False,,495,state_shift_pressure
kalman,284,True,True,325.0,325,variance_pressure
arima,284,True,True,456.0,456,variance_pressure
kalman,285,True,True,443.0,443,variance_pressure
arima,285,False,False,,456,variance_pressure
kalman,286,True,True,400.0,400,variance_pressure
arima,286,False,False,,456,variance_pressure
kalman,287,True,True,441.0,441,variance_pressure
arima,287,False,False,,456,variance_pressure
kalman,288,True,True,443.0,443,variance_pressure
arima,288,False,False,,460,variance_pressure
kalman,289,True,True,447.0,447,variance_pressure
arima,289,False,False,,456,variance_pressure
kalman,290,True,True,443.0,443,variance_pressure
arima,290,False,False,,460,variance_pressure
kalman,291,True,True,401.0,401,variance_pressure
arima,291,False,False,,456,variance_pressure
kalman,292,True,True,395.0,395,variance_pressure
arima,292,False,False,,460,variance_pressure
kalman,293,False,False,,451,variance_pressure
arima,293,False,False,,456,variance_pressure
kalman,294,True,True,400.0,400,variance_pressure
arima,294,False,False,,456,variance_pressure
kalman,295,True,True,441.0,441,variance_pressure
arima,295,False,False,,456,variance_pressure
kalman,296,True,True,391.0,391,variance_pressure
arima,296,False,False,,460,variance_pressure
kalman,297,True,True,326.0,326,variance_pressure
arima,297,True,True,455.0,455,variance_pressure
kalman,298,True,True,322.0,322,variance_pressure
arima,298,True,True,400.0,400,variance_pressure
kalman,299,True,True,448.0,448,variance_pressure
arima,299,False,False,,456,variance_pressure
kalman,300,False,False,,451,variance_pressure
arima,300,False,False,,460,variance_pressure
kalman,301,True,True,441.0,441,variance_pressure
arima,301,False,False,,460,variance_pressure
kalman,302,True,True,322.0,322,variance_pressure
arima,302,False,False,,460,variance_pressure
kalman,303,False,False,,490,variance_pressure
arima,303,False,False,,489,variance_pressure
kalman,304,True,True,387.0,387,variance_pressure
arima,304,False,False,,460,variance_pressure
kalman,305,True,True,443.0,443,variance_pressure
arima,305,False,False,,460,variance_pressure
kalman,306,True,True,395.0,395,variance_pressure
arima,306,False,False,,456,variance_pressure
kalman,307,True,True,401.0,401,variance_pressure
arima,307,False,False,,460,variance_pressure
kalman,308,True,True,386.0,386,variance_pressure
arima,308,False,False,,456,variance_pressure
kalman,309,False,False,,451,variance_pressure
arima,309,False,False,,460,variance_pressure
kalman,310,True,True,443.0,443,variance_pressure
arima,310,False,False,,460,variance_pressure
kalman,311,True,True,351.0,351,variance_pressure
arima,311,False,False,,400,variance_pressure
kalman,312,True,True,447.0,447,variance_pressure
arima,312,False,False,,456,variance_pressure
kalman,313,True,True,354.0,354,variance_pressure
arima,313,False,False,,400,variance_pressure
kalman,314,False,False,,494,variance_pressure
arima,314,False,False,,489,variance_pressure
kalman,315,True,True,320.0,320,variance_pressure
arima,315,True,True,349.0,349,variance_pressure
kalman,316,False,False,,451,variance_pressure
arima,316,False,False,,456,variance_pressure
kalman,317,True,True,395.0,395,variance_pressure
arima,317,False,False,,460,variance_pressure
kalman,318,True,True,400.0,400,variance_pressure
arima,318,False,False,,456,variance_pressure
kalman,319,True,True,349.0,349,variance_pressure
arima,319,True,True,456.0,456,variance_pressure
kalman,320,True,True,451.0,451,variance_pressure
arima,320,True,True,334.0,334,break_pressure
kalman,321,True,True,447.0,447,variance_pressure
arima,321,False,False,,489,variance_pressure
kalman,322,True,True,443.0,443,variance_pressure
arima,322,False,False,,456,variance_pressure
kalman,323,True,True,448.0,448,variance_pressure
arima,323,False,False,,456,variance_pressure
kalman,324,False,False,,460,variance_pressure
arima,324,False,False,,460,variance_pressure
kalman,325,True,True,348.0,348,variance_pressure
arima,325,True,False,186.0,186,break_pressure
kalman,326,True,True,448.0,448,variance_pressure
arima,326,False,False,,456,variance_pressure
kalman,327,True,True,448.0,448,variance_pressure
arima,327,False,False,,489,variance_pressure
kalman,328,True,True,401.0,401,variance_pressure
arima,328,True,True,456.0,456,variance_pressure
kalman,329,True,True,448.0,448,variance_pressure
arima,329,False,False,,417,break_pressure
kalman,330,True,True,443.0,443,variance_pressure
arima,330,False,False,,489,variance_pressure
kalman,331,True,True,442.0,442,variance_pressure
arima,331,False,False,,460,variance_pressure
kalman,332,True,True,386.0,386,variance_pressure
arima,332,False,False,,456,variance_pressure
kalman,333,True,True,395.0,395,variance_pressure
arima,333,False,False,,460,variance_pressure
kalman,334,True,True,322.0,322,variance_pressure
arima,334,True,True,394.0,394,variance_pressure
kalman,335,True,True,326.0,326,variance_pressure
arima,335,True,True,399.0,399,variance_pressure
kalman,336,True,True,451.0,451,variance_pressure
arima,336,False,False,,456,variance_pressure
kalman,337,False,False,,451,variance_pressure
arima,337,False,False,,456,variance_pressure
kalman,338,True,True,322.0,322,variance_pressure
arima,338,False,False,,460,variance_pressure
kalman,339,True,True,395.0,395,variance_pressure
arima,339,True,False,174.0,174,break_pressure
kalman,340,True,True,349.0,349,variance_pressure
arima,340,True,True,456.0,456,variance_pressure
kalman,341,True,True,443.0,443,variance_pressure
arima,341,False,False,,456,variance_pressure
kalman,342,True,True,409.0,409,variance_pressure
arima,342,False,False,,456,variance_pressure
kalman,343,True,True,409.0,409,variance_pressure
arima,343,True,True,455.0,455,variance_pressure
kalman,344,True,True,387.0,387,variance_pressure
arima,344,False,False,,456,variance_pressure
kalman,345,True,True,395.0,395,variance_pressure
arima,345,False,False,,456,variance_pressure
kalman,346,True,True,451.0,451,variance_pressure
arima,346,False,False,,456,variance_pressure
kalman,347,True,True,451.0,451,variance_pressure
arima,347,False,False,,460,variance_pressure
kalman,348,True,True,483.0,483,variance_pressure
arima,348,False,False,,489,variance_pressure
kalman,349,False,False,,451,variance_pressure
arima,349,False,False,,456,variance_pressure
kalman,350,True,True,451.0,451,variance_pressure
arima,350,True,False,172.0,172,instability
kalman,351,False,False,,451,variance_pressure
arima,351,False,False,,460,variance_pressure
kalman,352,True,True,322.0,322,variance_pressure
arima,352,True,True,394.0,394,variance_pressure
kalman,353,True,True,450.0,450,variance_pressure
arima,353,False,False,,456,variance_pressure
kalman,354,True,True,441.0,441,variance_pressure
arima,354,False,False,,456,variance_pressure
kalman,355,True,True,451.0,451,variance_pressure
arima,355,False,False,,460,variance_pressure
kalman,356,True,True,322.0,322,variance_pressure
arima,356,True,True,455.0,455,variance_pressure
kalman,357,True,True,395.0,395,variance_pressure
arima,357,True,True,455.0,455,variance_pressure
kalman,358,True,True,443.0,443,variance_pressure
arima,358,False,False,,489,variance_pressure
kalman,359,False,False,,499,variance_pressure
arima,359,False,False,,460,variance_pressure
kalman,360,False,False,,451,variance_pressure
arima,360,False,False,,336,slope
kalman,361,True,True,443.0,443,variance_pressure
arima,361,False,False,,456,variance_pressure
kalman,362,True,True,395.0,395,variance_pressure
arima,362,False,False,,460,variance_pressure
kalman,363,True,True,451.0,451,variance_pressure
arima,363,False,False,,456,variance_pressure
kalman,364,True,True,348.0,348,variance_pressure
arima,364,True,True,394.0,394,variance_pressure
kalman,365,True,True,400.0,400,variance_pressure
arima,365,True,True,300.0,300,break_pressure
kalman,366,True,True,443.0,443,variance_pressure
arima,366,False,False,,460,variance_pressure
kalman,367,True,True,345.0,345,variance_pressure
arima,367,True,True,400.0,400,variance_pressure
kalman,368,False,False,,451,variance_pressure
arima,368,False,False,,456,variance_pressure
kalman,369,False,False,,451,variance_pressure
arima,369,False,False,,495,state_shift_pressure
kalman,370,True,True,451.0,451,variance_pressure
arima,370,False,False,,495,state_shift_pressure
kalman,371,True,True,387.0,387,variance_pressure
arima,371,True,True,460.0,460,variance_pressure
kalman,372,True,True,451.0,451,variance_pressure
arima,372,False,False,,456,variance_pressure
kalman,373,True,True,322.0,322,variance_pressure
arima,373,True,True,456.0,456,variance_pressure
kalman,374,True,True,451.0,451,variance_pressure
arima,374,False,False,,460,variance_pressure
kalman,375,True,True,400.0,400,variance_pressure
arima,375,False,False,,456,variance_pressure
kalman,376,True,True,348.0,348,variance_pressure
arima,376,True,True,456.0,456,variance_pressure
kalman,377,True,True,395.0,395,variance_pressure
arima,377,False,False,,489,variance_pressure
kalman,378,True,True,443.0,443,variance_pressure
arima,378,False,False,,456,variance_pressure
kalman,379,False,False,,451,variance_pressure
arima,379,False,False,,456,variance_pressure
kalman,380,True,True,447.0,447,variance_pressure
arima,380,False,False,,489,variance_pressure
kalman,381,True,True,451.0,451,variance_pressure
arima,381,True,True,325.0,325,instability
kalman,382,True,True,448.0,448,variance_pressure
arima,382,False,False,,456,variance_pressure
kalman,383,True,True,442.0,442,variance_pressure
arima,383,False,False,,456,variance_pressure
kalman,384,True,True,443.0,443,variance_pressure
arima,384,False,False,,456,variance_pressure
kalman,385,True,True,252.0,252,state_shift_pressure
arima,385,False,False,,460,variance_pressure
kalman,386,True,True,451.0,451,variance_pressure
arima,386,False,False,,456,variance_pressure
kalman,387,True,True,322.0,322,variance_pressure
arima,387,True,True,456.0,456,variance_pressure
kalman,388,True,True,351.0,351,variance_pressure
arima,388,True,True,456.0,456,variance_pressure
kalman,389,True,True,391.0,391,variance_pressure
arima,389,False,False,,456,variance_pressure
kalman,390,False,False,,494,variance_pressure
arima,390,False,False,,489,variance_pressure
kalman,391,True,True,448.0,448,variance_pressure
arima,391,True,False,197.0,197,break_pressure
kalman,392,False,False,,451,variance_pressure
arima,392,False,False,,456,variance_pressure
kalman,393,True,True,490.0,490,variance_pressure
arima,393,False,False,,489,variance_pressure
kalman,394,True,True,391.0,391,variance_pressure
arima,394,True,True,454.0,454,variance_pressure
kalman,395,True,True,348.0,348,variance_pressure
arima,395,True,True,456.0,456,variance_pressure
kalman,396,True,True,441.0,441,variance_pressure
arima,396,False,False,,460,variance_pressure
kalman,397,True,True,447.0,447,variance_pressure
arima,397,False,False,,456,variance_pressure
kalman,398,True,True,451.0,451,variance_pressure
arima,398,False,False,,460,variance_pressure
kalman,399,True,True,400.0,400,variance_pressure
arima,399,False,False,,460,variance_pressure
kalman,400,True,True,451.0,451,variance_pressure
arima,400,False,False,,460,variance_pressure
kalman,401,False,False,,451,variance_pressure
arima,401,False,False,,460,variance_pressure
kalman,402,True,True,325.0,325,variance_pressure
arima,402,True,True,399.0,399,variance_pressure
kalman,403,False,False,,451,variance_pressure
arima,403,False,False,,460,variance_pressure
kalman,404,True,True,451.0,451,variance_pressure
arima,404,False,False,,460,variance_pressure
kalman,405,True,True,450.0,450,variance_pressure
arima,405,False,False,,460,variance_pressure
kalman,406,True,True,443.0,443,variance_pressure
arima,406,False,False,,456,variance_pressure
kalman,407,True,True,443.0,443,variance_pressure
arima,407,False,False,,489,variance_pressure
kalman,408,True,True,441.0,441,variance_pressure
arima,408,False,False,,490,variance_pressure
kalman,409,True,True,395.0,395,variance_pressure
arima,409,False,False,,456,variance_pressure
kalman,410,True,True,448.0,448,variance_pressure
arima,410,False,False,,456,variance_pressure
kalman,411,False,False,,494,variance_pressure
arima,411,False,False,,489,variance_pressure
kalman,412,True,True,326.0,326,variance_pressure
arima,412,False,False,,456,variance_pressure
kalman,413,True,True,395.0,395,variance_pressure
arima,413,False,False,,456,variance_pressure
kalman,414,True,True,326.0,326,variance_pressure
arima,414,False,False,,460,variance_pressure
kalman,415,True,True,400.0,400,variance_pressure
arima,415,True,True,456.0,456,variance_pressure
kalman,416,False,False,,451,variance_pressure
arima,416,True,True,271.0,271,break_pressure
kalman,417,True,True,451.0,451,variance_pressure
arima,417,False,False,,460,variance_pressure
kalman,418,True,True,451.0,451,variance_pressure
arima,418,False,False,,400,variance_pressure
kalman,419,True,True,351.0,351,variance_pressure
arima,419,True,True,454.0,454,variance_pressure
kalman,420,True,True,401.0,401,variance_pressure
arima,420,False,False,,456,variance_pressure
kalman,421,True,True,451.0,451,variance_pressure
arima,421,False,False,,489,variance_pressure
kalman,422,True,True,400.0,400,variance_pressure
arima,422,False,False,,456,variance_pressure
kalman,423,True,True,395.0,395,variance_pressure
arima,423,False,False,,456,variance_pressure
kalman,424,True,True,449.0,449,variance_pressure
arima,424,False,False,,460,variance_pressure
kalman,425,True,True,451.0,451,variance_pressure
arima,425,False,False,,456,variance_pressure
kalman,426,True,True,326.0,326,variance_pressure
arima,426,True,True,399.0,399,variance_pressure
kalman,427,True,True,326.0,326,variance_pressure
arima,427,False,False,,456,variance_pressure
kalman,428,True,True,319.0,319,variance_pressure
arima,428,True,True,349.0,349,variance_pressure
kalman,429,True,True,351.0,351,variance_pressure
arima,429,True,True,456.0,456,variance_pressure
kalman,430,True,True,448.0,448,variance_pressure
arima,430,False,False,,456,variance_pressure
kalman,431,True,True,443.0,443,variance_pressure
arima,431,False,False,,460,variance_pressure
kalman,432,False,False,,451,variance_pressure
arima,432,False,False,,460,variance_pressure
kalman,433,True,True,326.0,326,variance_pressure
arima,433,True,True,456.0,456,variance_pressure
kalman,434,True,True,322.0,322,variance_pressure
arima,434,True,True,351.0,351,variance_pressure
kalman,435,True,True,391.0,391,variance_pressure
arima,435,False,False,,460,variance_pressure
kalman,436,True,True,386.0,386,variance_pressure
arima,436,True,True,399.0,399,variance_pressure
kalman,437,False,False,,494,variance_pressure
arima,437,False,False,,495,state_shift_pressure
kalman,438,True,True,443.0,443,variance_pressure
arima,438,False,False,,456,variance_pressure
kalman,439,True,True,451.0,451,variance_pressure
arima,439,False,False,,490,variance_pressure
kalman,440,True,True,391.0,391,variance_pressure
arima,440,True,False,160.0,160,instability
kalman,441,True,True,350.0,350,variance_pressure
arima,441,False,False,,460,variance_pressure
kalman,442,True,True,400.0,400,variance_pressure
arima,442,False,False,,490,variance_pressure
kalman,443,True,True,448.0,448,variance_pressure
arima,443,False,False,,460,variance_pressure
kalman,444,True,True,443.0,443,variance_pressure
arima,444,False,False,,460,variance_pressure
kalman,445,True,True,441.0,441,variance_pressure
arima,445,False,False,,456,variance_pressure
kalman,446,True,True,351.0,351,variance_pressure
arima,446,False,False,,456,variance_pressure
kalman,447,False,False,,496,variance_pressure
arima,447,False,False,,489,variance_pressure
kalman,448,True,True,441.0,441,variance_pressure
arima,448,False,False,,460,variance_pressure
kalman,449,True,True,447.0,447,variance_pressure
arima,449,False,False,,456,variance_pressure
kalman,450,True,True,443.0,443,variance_pressure
arima,450,False,False,,456,variance_pressure
kalman,451,True,True,351.0,351,variance_pressure
arima,451,True,True,456.0,456,variance_pressure
kalman,452,True,True,448.0,448,variance_pressure
arima,452,False,False,,456,variance_pressure
kalman,453,True,True,443.0,443,variance_pressure
arima,453,False,False,,456,variance_pressure
kalman,454,True,True,322.0,322,variance_pressure
arima,454,True,True,455.0,455,variance_pressure
kalman,455,True,True,395.0,395,variance_pressure
arima,455,True,True,456.0,456,variance_pressure
kalman,456,True,True,322.0,322,variance_pressure
arima,456,True,True,460.0,460,variance_pressure
kalman,457,True,False,230.0,230,state_shift_pressure
arima,457,True,True,300.0,300,break_pressure
kalman,458,True,True,326.0,326,variance_pressure
arima,458,True,True,456.0,456,variance_pressure
kalman,459,True,True,348.0,348,variance_pressure
arima,459,False,False,,460,variance_pressure
kalman,460,True,True,443.0,443,variance_pressure
arima,460,False,False,,456,variance_pressure
kalman,461,True,True,451.0,451,variance_pressure
arima,461,False,False,,460,variance_pressure
kalman,462,True,True,451.0,451,variance_pressure
arima,462,False,False,,460,variance_pressure
kalman,463,False,False,,451,variance_pressure
arima,463,True,False,223.0,223,instability
kalman,464,True,True,387.0,387,variance_pressure
arima,464,False,False,,456,variance_pressure
kalman,465,True,True,401.0,401,variance_pressure
arima,465,False,False,,489,variance_pressure
kalman,466,False,False,,495,variance_pressure
arima,466,False,False,,460,variance_pressure
kalman,467,True,True,443.0,443,variance_pressure
arima,467,False,False,,460,variance_pressure
kalman,468,False,False,,451,variance_pressure
arima,468,False,False,,456,variance_pressure
kalman,469,True,True,448.0,448,variance_pressure
arima,469,False,False,,456,variance_pressure
kalman,470,False,False,,490,variance_pressure
arima,470,False,False,,489,variance_pressure
kalman,471,True,True,322.0,322,variance_pressure
arima,471,True,True,456.0,456,variance_pressure
kalman,472,True,True,395.0,395,variance_pressure
arima,472,False,False,,456,variance_pressure
kalman,473,False,False,,490,variance_pressure
arima,473,False,False,,489,variance_pressure
kalman,474,True,True,441.0,441,variance_pressure
arima,474,False,False,,456,variance_pressure
kalman,475,False,False,,497,variance_pressure
arima,475,False,False,,456,variance_pressure
kalman,476,True,True,451.0,451,variance_pressure
arima,476,False,False,,489,variance_pressure
kalman,477,True,True,395.0,395,variance_pressure
arima,477,False,False,,460,variance_pressure
kalman,478,False,False,,451,variance_pressure
arima,478,False,False,,456,variance_pressure
kalman,479,True,True,441.0,441,variance_pressure
arima,479,False,False,,460,variance_pressure
kalman,480,True,True,441.0,441,variance_pressure
arima,480,False,False,,456,variance_pressure
kalman,481,True,True,443.0,443,variance_pressure
arima,481,False,False,,456,variance_pressure
kalman,482,True,True,443.0,443,variance_pressure
arima,482,False,False,,456,variance_pressure
kalman,483,True,True,395.0,395,variance_pressure
arima,483,False,False,,456,variance_pressure
kalman,484,True,True,447.0,447,variance_pressure
arima,484,False,False,,489,variance_pressure
kalman,485,True,True,344.0,344,variance_pressure
arima,485,True,True,400.0,400,variance_pressure
kalman,486,False,False,,451,variance_pressure
arima,486,False,False,,303,break_pressure
kalman,487,False,False,,451,variance_pressure
arima,487,False,False,,456,variance_pressure
kalman,488,True,True,448.0,448,variance_pressure
arima,488,False,False,,460,variance_pressure
kalman,489,False,False,,490,variance_pressure
arima,489,False,False,,400,variance_pressure
kalman,490,True,True,399.0,399,variance_pressure
arima,490,True,True,455.0,455,variance_pressure
kalman,491,True,True,442.0,442,variance_pressure
arima,491,False,False,,460,variance_pressure
kalman,492,False,False,,494,variance_pressure
arima,492,False,False,,400,variance_pressure
kalman,493,False,False,,494,variance_pressure
arima,493,False,False,,489,variance_pressure
kalman,494,False,False,,451,variance_pressure
arima,494,False,False,,346,level_change
kalman,495,True,True,399.0,399,variance_pressure
arima,495,True,True,399.0,399,variance_pressure
kalman,496,True,True,322.0,322,variance_pressure
arima,496,True,True,394.0,394,variance_pressure
kalman,497,True,True,326.0,326,variance_pressure
arima,497,True,True,456.0,456,variance_pressure
kalman,498,False,False,,490,variance_pressure
arima,498,False,False,,489,variance_pressure
kalman,499,True,True,441.0,441,variance_pressure
arima,499,False,False,,460,variance_pressure
